date,source,url,currency,title,snippet,time_horizon,confidence,reasoning
2026-02-25,FXStreet,,GBP,,,1week,0.8,"The article discusses the GBP/JPY cross rate and mentions the Bank of Japan policy decision, which is a near-term event with a 1-week impact window."
2026-02-25,Yahoo Finance,,GBP,,,1week,0.8,"The news of United Airlines selecting GE Aerospace's GEnx engines for their Boeing 787 fleet is a significant commercial aviation development, which is likely to have a near-term impact on the market as it represents a major contract win for GE Aerospace."
2026-02-25,Yahoo Finance,,GBP,,,1week,0.8,"The news about Boeing's 777-9 flight simulator certification is a near-term event that is likely to impact the aviation industry and related markets for about a week. While it may have some immediate price action, the primary market impact is expected to be seen over the next week as the news is digested and incorporated into market sentiment."
2026-02-25,ForexLive,,JPY,,,1week,0.8,"The article covers a mix of short-term events like CPI data and central bank policy, suggesting a near-term market impact window of around 1 week."
2026-02-25,FXStreet,,JPY,,,1week,0.8,"The article discusses the nomination of reflationist-leaning academics to the BoJ policy board, which is a near-term event that is likely to impact the JPY in the next 1 week as the market reacts to the policy implications."
2026-02-25,FXStreet,,JPY,,,3day,0.8,"The article discusses a hot CPI report in Australia, which is a short-term economic data release that typically impacts the market for 2-3 days. The price action mentioned also indicates an immediate market reaction, further supporting a short-term time horizon."
2026-02-25,ForexLive,,CAD,,,1month,0.8,"The article discusses a deceleration in capital spending growth in Canada from 2025 to 2026, which is a structural trend that is likely to have a longer-term impact on the Canadian economy and currency."
2026-02-25,MarketWatch,,CAD,,,1month,0.8,"The article discusses new hair-loss treatments, which suggests a longer-term structural change in the market. While the immediate impact may be limited, the development of these new treatments could have a more significant impact on the market over the next month as they gain traction and adoption."
2026-02-25,Yahoo Finance,,CAD,,,1week,0.8,"The article discusses the long-term outlook for Netflix's stock, which suggests a near-term focus on central bank policy and economic data releases that could impact the stock price in the next 1-2 weeks."
2026-02-25,NewsAPI (GlobeNewswire),,CHF,,,1month,0.8,"The article discusses the full-year 2025 results for BIC, a company that operates in the consumer goods industry. This suggests a longer-term, structural impact on the company's performance and the broader market, rather than immediate or short-term reactions."
2026-02-25,ForexLive,,CNY,,,2week,0.8,"The article discusses ongoing trade negotiations and policy decisions, which typically have a medium-term impact of 2 weeks. While there are some immediate reactions mentioned, the overall focus is on the continuation of existing trade deals and potential new investigations, suggesting a 2-week time horizon for the primary market impact."
2026-02-25,ForexLive,,CNY,,,2week,0.8,"The article discusses a shift in the Trump administration's tariff policy, which is a medium-term geopolitical development that is likely to impact the CNY currency for the next 2 weeks as markets digest the policy changes."
2026-02-25,FXStreet,,CNY,,,3day,0.8,"The article discusses the immediate impact of Chinese buyers returning from Lunar New Year, which is a short-term event. The price action and Yangshan premium mentions indicate a 2-3 day market impact window."
2026-02-25,NewsAPI (Reason),,CNY,,,1month,0.8,"The article discusses the historical rise of communists in China, which is a longer-term structural and geopolitical development that is likely to have a sustained impact on the Chinese currency (CNY) market over the next month and beyond."
2026-02-25,NewsAPI (The Star Online),,CNY,,,1month,0.8,"The article discusses a broader trend of China's digital ecosystem and its impact on the travel experience for Malaysians, which suggests a longer-term, structural change that is likely to have a sustained impact on the CNY currency over the next month."
2026-02-25,FXStreet,,CNY,,,1month,0.8,"The article discusses China's 2026 growth path and policy priorities, which suggests a longer-term, structural impact on the CNY currency rather than immediate or short-term market moves."
2026-02-25,ForexLive,,USD,,,3day,0.8,"The article discusses the release of January CPI data in Australia, which is a key monthly economic indicator. This type of data release typically has a short-term impact on the currency market, lasting around 2-3 days."
2026-02-25,FXStreet,,USD,,,1week,0.8,"The article discusses comments from a Fed official on inflation and the labor market, which are key economic indicators that typically have a near-term impact on the currency market, lasting around 1 week."
2026-02-25,FXStreet,,USD,,,1week,0.8,"The article discusses a potential breakdown in the USD/ZAR exchange rate, which is a near-term market event likely driven by central bank policy and economic data releases. The time horizon is expected to be 1 week, as the analysis focuses on the 50-day moving average and the immediate consolidation pattern."
2026-02-25,FXStreet,,USD,,,3day,0.8,"The article discusses short-term price action and technical patterns, indicating a likely short-term market impact of 2-3 days."
2026-02-25,FXStreet,,USD,,,1week,0.8,"The article discusses a sharp rally in XAG/USD, driven by a combination of safe-haven demand and supply deficit factors. This suggests a near-term market impact, likely lasting around 1 week as the market digests the news and reacts to any follow-up developments."
2026-02-25,FXStreet,,USD,,,3day,0.8,"The article discusses a hot CPI report in Australia, which is a short-term economic data release. This is likely to have a 2-3 day impact on the AUD/USD pair as the market reacts to the inflation data and its implications for RBA policy."
2026-02-25,FXStreet,,USD,,,1week,0.8,"The article mentions expectations of a Fed rate cut, which is a near-term policy decision that would impact the gold market within the next 1 week. Additionally, the uncertainty around US trade policies is a medium-term factor that could continue to influence gold prices over the next 1-2 weeks."
2026-02-25,FXStreet,,USD,,,1week,0.8,"The article discusses the Fed's policy independence, which is a near-term consideration for central bank policy decisions and market reactions. The impact is likely to last for about a week as the market digests the implications for upcoming Fed meetings and policy."
2026-02-25,FXStreet,,USD,,,1week,0.8,"The article discusses the Bank of Japan's interest rate path, which is a near-term policy decision that would impact the USD/JPY pair over the next 1 week."
2026-02-25,FXStreet,,USD,,,1day,0.8,"The article discusses an immediate market reaction to the US President's State of the Union address, indicating an intraday impact on the NZD/USD pair."
2026-02-25,FXStreet,,USD,,,1day,0.8,"The article focuses on intraday price action and immediate market reactions to trade uncertainty, indicating an immediate/intraday impact on the GBP/USD currency pair."
2026-02-25,FXStreet,,USD,,,1week,0.8,"The article discusses immediate price action in gold, as well as ongoing uncertainty around US trade policy and geopolitical tensions, which are likely to impact the market in the near-term (1 week) as investors weigh these factors."
2026-02-25,FXStreet,,USD,,,3day,0.8,"The article discusses short-term price action and mentions lingering geopolitical and economic risks, suggesting a short-term market impact window of 2-3 days."
2026-02-25,FXStreet,,USD,,,1week,0.8,"The article discusses the Bank of England's policy decision and the impact on the GBP/USD exchange rate, which typically has a near-term impact of around 1 week around central bank meetings and policy announcements."
2026-02-25,FXStreet,,USD,,,3day,0.8,"The article mentions immediate price action in silver, which indicates a short-term market impact. However, the key driver appears to be rising trade and geopolitical uncertainties, which suggests a slightly longer-term horizon of 2-3 days."
2026-02-25,FXStreet,,USD,,,1week,0.8,"The article discusses a Fed policy signal, which typically has a near-term impact of around 1 week as the market digests the implications for interest rate expectations."
2026-02-25,FXStreet,,USD,,,1day,0.8,"The article focuses on intraday price action and immediate market reactions, indicating an immediate/intraday impact on the USD/CHF currency pair."
2026-02-25,FXStreet,,USD,,,3day,0.8,"The article discusses an unexpected acceleration in Australian inflation, which is a short-term economic data release that typically impacts the currency market for 2-3 days."
2026-02-25,MarketWatch,,USD,,,1week,0.8,"The article discusses Trump's stance on tariffs, which is a near-term policy decision that is likely to impact the US dollar in the coming week as markets react to the policy implications."
2026-02-25,NewsAPI (BusinessLine),,USD,,,3day,0.8,"The article mentions immediate price action and uncertainties over the India-US trade deal, which suggests a short-term impact of 2-3 days. The medium-term impact of 2 weeks is also possible due to the potential for policy changes, but the article does not provide enough information to confidently assess a longer-term horizon."
2026-02-25,NewsAPI (newsBTC),,USD,,,3day,0.8,"The article discusses a fresh decline in Dogecoin's price, indicating an immediate market impact. However, the language suggests a short-term consolidation period, making a 3-day time horizon more appropriate."
2026-02-25,NewsAPI (BusinessLine),,USD,,,1day,0.8,"The article discusses an immediate intraday move in the rupee against the US dollar, indicating a short-term, same-day market impact."
2026-02-25,NewsAPI (The Times of India),,USD,,,1day,0.8,"The article discusses an immediate intraday move in the Indian Rupee against the US Dollar, which is a typical short-term price action event. The market impact is likely to be limited to the same trading session."
2026-02-25,NewsAPI (Opensea.io),,USD,,,1week,0.8,"The article discusses banks testing a new type of stablecoin, which is a near-term development that could impact consumer payments and the broader crypto market over the next week as more details emerge."
2026-02-25,NewsAPI (GlobeNewswire),,USD,,,1week,0.8,The launch of a new spot ETF for the Sui ecosystem is a near-term event that is likely to generate interest and trading activity in the coming week as investors evaluate the product and its potential impact on the Sui ecosystem.
2026-02-25,ForexLive,,USD,,,2week,0.8,"The article discusses the IMF's views on US inflation, Fed policy, and fiscal action, which are medium-term in nature and likely to impact the USD over the next 2 weeks as markets digest the commentary."
2026-02-25,ForexLive,,USD,,,1month,0.8,"The article discusses longer-term economic trends and projections for the US economy, including GDP growth, inflation, and debt levels over the next several years. This suggests a longer-term market impact beyond just the immediate or short-term."
2026-02-25,ForexLive,,USD,,,1day,0.8,"The article mentions several intraday market moves and reactions, such as the USD moving lower and Bitcoin rallying sharply, indicating an immediate, same-day impact on the FX market."
2026-02-25,FXStreet,,USD,,,1week,0.8,"The article discusses a hotter-than-expected inflation report in Australia, which is a near-term economic data release that typically impacts the currency market for about a week as the central bank's policy response is assessed."
2026-02-25,FXStreet,,USD,,,3day,0.8,"The article discusses recent RMB strength and a softer US Dollar, which are likely to have a short-term impact on the USD/CNY exchange rate over the next few days."
2026-02-25,FXStreet,,SEK,,,1week,0.8,"The article discusses a dovish shift in NBP policy, with potential rate cuts. This is a near-term central bank policy event that is likely to impact the SEK currency over the next 1 week as markets adjust to the new policy outlook."
2026-02-25,FXStreet,,SEK,,,1week,0.8,"The article discusses a surprise in Swedish services inflation, which is a near-term economic data release that would likely impact the SEK currency in the 1-week timeframe as the Riksbank reacts to the data."
2026-02-25,ForexLive,,EUR,,,1week,0.8,"The article covers a mix of immediate market reactions (JPY, AUD) as well as near-term central bank policy signals (RBA), suggesting a time horizon of around 1 week for the primary market impact."
2026-02-25,ForexLive,,EUR,,,1week,0.8,"The article discusses the final Eurozone CPI data for January 2026, which is a monthly economic release. This type of data typically has a near-term impact on the EUR currency, lasting around 1 week as the market digests the implications for ECB policy."
2026-02-25,ForexLive,,EUR,,,3day,0.8,"The article discusses the final Q4 GDP data for Germany, which is a short-term economic indicator. The market impact is likely to be seen over the next 2-3 days as traders and investors react to the GDP numbers."
2026-02-25,ForexLive,,EUR,,,1day,0.8,"The article discusses immediate economic data releases like German GDP and Eurozone CPI, which typically have an intraday impact on the EUR currency. The article also notes that the final reports are unlikely to significantly change market expectations, suggesting a short-lived market reaction."
2026-02-25,FXStreet,,EUR,,,1day,0.8,"The article focuses on immediate intraday price action and mentions the EUR/USD pair's recovery from a daily low, indicating a short-term, immediate market impact."
2026-02-25,FXStreet,,EUR,,,2week,0.8,"The article discusses upcoming regulatory changes (CRR3 and output floor) that will impact Eurozone bank lending standards for households in 2026, suggesting a medium-term market impact window of 2 weeks as the news is processed and priced in."
2026-02-25,FXStreet,,EUR,,,3day,0.8,"The article discusses immediate market reaction to Eurozone inflation data and GDP figures, which are typically short-term market drivers. The time horizon is likely to be 2-3 days as the impact of these economic releases fades."
2026-02-25,FXStreet,,EUR,,,2week,0.8,"The article discusses a pause in the ratification of the EU-US trade deal, which suggests a medium-term impact as trade negotiations and geopolitical developments typically have a 2-week to 1-month time horizon."
2026-02-25,FXStreet,,EUR,,,1week,0.8,"The article discusses the recent easing of Eurozone inflation, which is a key economic indicator that typically has a near-term impact on central bank policy and currency markets. The time horizon is likely to be 1 week, as the article references the January inflation data and the market impact will be felt in the lead-up to the next ECB meeting."
2026-02-25,ForexLive,,AUD,,,1week,0.8,"The article discusses the upcoming release of the ANZ Business Outlook survey and the Reserve Bank of Australia Bulletin, which are monthly and quarterly economic indicators respectively. These types of economic data releases typically have a near-term market impact of around 1 week."
2026-02-25,FXStreet,,AUD,,,1week,0.8,"The article discusses the elevated January CPI in Australia, which is a monthly economic data release. This type of data typically has a near-term impact on the market, lasting around 1 week."
2026-02-25,MarketWatch,,AUD,,,1week,0.8,"The article discusses a turnaround in Urban Outfitters' namesake stores, which is a near-term development that is likely to impact the company's performance over the next week as the market digests the news."
2026-02-25,NewsAPI (Whatjapanthinks.com),,AUD,,,1week,0.8,"The article discusses a newly launched digital asset trading platform, which suggests a near-term impact on the market as investors evaluate the platform's capabilities and trustworthiness. The article's focus on exposing the platform's results indicates a potential for short-term price action and investor reactions, lasting up to a week."
2026-02-25,NewsAPI (GlobeNewswire),,AUD,,,1month,0.8,"The article discusses the full-year 2025 financial results of Globus Medical, a medical technology company. This suggests a longer-term, structural impact on the company's performance and the broader medical technology industry."
