date,currency,generator_id,estimator_id,index,signal_count,penalty_factor,avg_signal,factored_avg_signal
2026-02-24,AUD,keyword-sentiment-v1.1-standard,llm-horizon-v1-default,100.0,3,0.866,0.0067,0.0058
2026-02-24,AUD,llm-sentiment-v1-haiku,llm-horizon-v1-default,100.0,3,0.866,0.3667,0.3175
2026-02-24,CAD,keyword-sentiment-v1.1-standard,llm-horizon-v1-default,100.0,1,0.5,-0.05,-0.025
2026-02-24,CAD,llm-sentiment-v1-haiku,llm-horizon-v1-default,100.0,1,0.5,-0.25,-0.125
2026-02-24,CHF,keyword-sentiment-v1.1-standard,llm-horizon-v1-default,100.0,1,0.5,-0.2,-0.1
2026-02-24,CHF,llm-sentiment-v1-haiku,llm-horizon-v1-default,100.0,1,0.5,-0.7,-0.35
2026-02-24,CNY,keyword-sentiment-v1.1-standard,llm-horizon-v1-default,100.0,2,0.7071,0.1,0.0707
2026-02-24,CNY,llm-sentiment-v1-haiku,llm-horizon-v1-default,100.0,3,0.866,-0.0167,-0.0144
2026-02-24,EUR,keyword-sentiment-v1.1-standard,llm-horizon-v1-default,100.0,4,1.0,-0.08,-0.08
2026-02-24,EUR,llm-sentiment-v1-haiku,llm-horizon-v1-default,100.0,5,1.0,0.14,0.14
2026-02-24,GBP,keyword-sentiment-v1.1-standard,llm-horizon-v1-default,100.0,4,1.0,-0.0625,-0.0625
2026-02-24,GBP,llm-sentiment-v1-haiku,llm-horizon-v1-default,100.0,4,1.0,-0.1325,-0.1325
2026-02-24,JPY,keyword-sentiment-v1.1-standard,llm-horizon-v1-default,100.0,1,0.5,0.08,0.04
2026-02-24,USD,keyword-sentiment-v1.1-standard,llm-horizon-v1-default,100.0,16,1.0,-0.03,-0.03
2026-02-24,USD,llm-sentiment-v1-haiku,llm-horizon-v1-default,100.0,19,1.0,-0.0068,-0.0068
2026-02-25,AUD,keyword-sentiment-v1.1-standard,llm-horizon-v1-default,99.8846,5,1.0,0.004,0.004
2026-02-25,AUD,llm-sentiment-v1-haiku,llm-horizon-v1-default,99.8846,6,1.0,0.4,0.4
2026-02-25,CAD,keyword-sentiment-v1.1-standard,llm-horizon-v1-default,100.1006,1,0.5,-0.05,-0.025
2026-02-25,CAD,llm-sentiment-v1-haiku,llm-horizon-v1-default,100.1006,2,0.7071,-0.25,-0.1768
2026-02-25,CHF,keyword-sentiment-v1.1-standard,llm-horizon-v1-default,99.8782,2,0.7071,-0.05,-0.0354
2026-02-25,CHF,llm-sentiment-v1-haiku,llm-horizon-v1-default,99.8782,1,0.5,-0.7,-0.35
2026-02-25,CNY,keyword-sentiment-v1.1-standard,llm-horizon-v1-default,99.776,5,1.0,0.092,0.092
2026-02-25,CNY,llm-sentiment-v1-haiku,llm-horizon-v1-default,99.776,8,1.0,0.3375,0.3375
2026-02-25,EUR,keyword-sentiment-v1.1-standard,llm-horizon-v1-default,100.1373,11,1.0,-0.0573,-0.0573
2026-02-25,EUR,llm-sentiment-v1-haiku,llm-horizon-v1-default,100.1373,14,1.0,-0.0736,-0.0736
2026-02-25,GBP,keyword-sentiment-v1.1-standard,llm-horizon-v1-default,100.0546,5,1.0,-0.034,-0.034
2026-02-25,GBP,llm-sentiment-v1-haiku,llm-horizon-v1-default,100.0546,4,1.0,-0.1325,-0.1325
2026-02-25,JPY,keyword-sentiment-v1.1-standard,llm-horizon-v1-default,100.5904,4,1.0,-0.0325,-0.0325
2026-02-25,JPY,llm-sentiment-v1-haiku,llm-horizon-v1-default,100.5904,3,0.866,0.12,0.1039
2026-02-25,SEK,keyword-sentiment-v1.1-standard,llm-horizon-v1-default,99.7393,2,0.7071,-0.25,-0.1768
2026-02-25,SEK,llm-sentiment-v1-haiku,llm-horizon-v1-default,99.7393,2,0.7071,-0.49,-0.3465
2026-02-25,USD,keyword-sentiment-v1.1-standard,llm-horizon-v1-default,100.1726,41,1.0,-0.0293,-0.0293
2026-02-25,USD,llm-sentiment-v1-haiku,llm-horizon-v1-default,100.1726,46,1.0,-0.0098,-0.0098
2026-02-26,AUD,keyword-sentiment-v1.1-standard,llm-horizon-v1-default,99.5352,5,1.0,0.044,0.044
2026-02-26,AUD,llm-sentiment-v1-haiku,llm-horizon-v1-default,99.5352,10,1.0,0.179,0.179
2026-02-26,CAD,keyword-sentiment-v1.1-standard,llm-horizon-v1-default,100.0929,2,0.7071,-0.125,-0.0884
2026-02-26,CAD,llm-sentiment-v1-haiku,llm-horizon-v1-default,100.0929,4,1.0,-0.05,-0.05
2026-02-26,CHF,keyword-sentiment-v1.1-standard,llm-horizon-v1-default,99.846,2,0.7071,-0.05,-0.0354
2026-02-26,CHF,llm-sentiment-v1-haiku,llm-horizon-v1-default,99.846,1,0.5,-0.7,-0.35
2026-02-26,CNY,keyword-sentiment-v1.1-standard,llm-horizon-v1-default,99.5327,6,1.0,0.09,0.09
2026-02-26,CNY,llm-sentiment-v1-haiku,llm-horizon-v1-default,99.5327,12,1.0,0.225,0.225
2026-02-26,EUR,keyword-sentiment-v1.1-standard,llm-horizon-v1-default,100.0184,12,1.0,-0.0133,-0.0133
2026-02-26,EUR,llm-sentiment-v1-haiku,llm-horizon-v1-default,100.0184,13,1.0,0.2092,0.2092
2026-02-26,GBP,keyword-sentiment-v1.1-standard,llm-horizon-v1-default,99.8334,6,1.0,-0.0433,-0.0433
2026-02-26,GBP,llm-sentiment-v1-haiku,llm-horizon-v1-default,99.8334,5,1.0,-0.056,-0.056
2026-02-26,JPY,keyword-sentiment-v1.1-standard,llm-horizon-v1-default,101.0232,4,1.0,-0.0425,-0.0425
2026-02-26,JPY,llm-sentiment-v1-haiku,llm-horizon-v1-default,101.0232,3,0.866,0.01,0.0087
2026-02-26,SEK,keyword-sentiment-v1.1-standard,llm-horizon-v1-default,99.802,3,0.866,-0.2,-0.1732
2026-02-26,SEK,llm-sentiment-v1-haiku,llm-horizon-v1-default,99.802,3,0.866,-0.4933,-0.4272
2026-02-26,USD,keyword-sentiment-v1.1-standard,llm-horizon-v1-default,100.3551,48,1.0,-0.0342,-0.0342
2026-02-26,USD,llm-sentiment-v1-haiku,llm-horizon-v1-default,100.3551,55,1.0,-0.1735,-0.1735
2026-02-27,AUD,keyword-sentiment-v1.1-standard,llm-horizon-v1-default,99.4303,10,1.0,0.02,0.02
2026-02-27,AUD,llm-sentiment-v1-haiku,llm-horizon-v1-default,99.4303,15,1.0,0.0287,0.0287
2026-02-27,CAD,keyword-sentiment-v1.1-standard,llm-horizon-v1-default,99.9465,2,0.7071,-0.125,-0.0884
2026-02-27,CAD,llm-sentiment-v1-haiku,llm-horizon-v1-default,99.9465,4,1.0,0.035,0.035
2026-02-27,CHF,keyword-sentiment-v1.1-standard,llm-horizon-v1-default,99.9198,4,1.0,-0.1,-0.1
2026-02-27,CHF,llm-sentiment-v1-haiku,llm-horizon-v1-default,99.9198,4,1.0,-0.2575,-0.2575
2026-02-27,CNY,keyword-sentiment-v1.1-standard,llm-horizon-v1-default,99.5717,5,1.0,0.092,0.092
2026-02-27,CNY,llm-sentiment-v1-haiku,llm-horizon-v1-default,99.5717,13,1.0,0.2615,0.2615
2026-02-27,EUR,keyword-sentiment-v1.1-standard,llm-horizon-v1-default,100.0352,15,1.0,-0.0507,-0.0507
2026-02-27,EUR,llm-sentiment-v1-haiku,llm-horizon-v1-default,100.0352,20,1.0,0.124,0.124
2026-02-27,GBP,keyword-sentiment-v1.1-standard,llm-horizon-v1-default,100.2685,6,1.0,-0.065,-0.065
2026-02-27,GBP,llm-sentiment-v1-haiku,llm-horizon-v1-default,100.2685,6,1.0,0.0433,0.0433
2026-02-27,JPY,keyword-sentiment-v1.1-standard,llm-horizon-v1-default,100.7569,4,1.0,-0.0425,-0.0425
2026-02-27,JPY,llm-sentiment-v1-haiku,llm-horizon-v1-default,100.7569,4,1.0,-0.1175,-0.1175
2026-02-27,MXN,keyword-sentiment-v1.1-standard,llm-horizon-v1-default,99.8047,1,0.5,-0.09,-0.045
2026-02-27,MXN,llm-sentiment-v1-haiku,llm-horizon-v1-default,99.8047,1,0.5,0.5,0.25
2026-02-27,SEK,keyword-sentiment-v1.1-standard,llm-horizon-v1-default,100.0508,4,1.0,-0.125,-0.125
2026-02-27,SEK,llm-sentiment-v1-haiku,llm-horizon-v1-default,100.0508,4,1.0,-0.2825,-0.2825
2026-02-27,USD,keyword-sentiment-v1.1-standard,llm-horizon-v1-default,100.168,51,1.0,0.0082,0.0082
2026-02-27,USD,llm-sentiment-v1-haiku,llm-horizon-v1-default,100.168,64,1.0,-0.0523,-0.0523
2026-02-28,AUD,keyword-sentiment-v1.1-standard,llm-horizon-v1-default,99.4795,9,1.0,0.0133,0.0133
2026-02-28,AUD,llm-sentiment-v1-haiku,llm-horizon-v1-default,99.4795,15,1.0,0.0287,0.0287
2026-02-28,CAD,keyword-sentiment-v1.1-standard,llm-horizon-v1-default,99.8537,1,0.5,-0.05,-0.025
2026-02-28,CAD,llm-sentiment-v1-haiku,llm-horizon-v1-default,99.8537,5,1.0,0.168,0.168
2026-02-28,CHF,keyword-sentiment-v1.1-standard,llm-horizon-v1-default,99.4751,2,0.7071,-0.05,-0.0354
2026-02-28,CHF,llm-sentiment-v1-haiku,llm-horizon-v1-default,99.4751,2,0.7071,-0.14,-0.099
2026-02-28,CNY,keyword-sentiment-v1.1-standard,llm-horizon-v1-default,99.686,6,1.0,0.0933,0.0933
2026-02-28,CNY,llm-sentiment-v1-haiku,llm-horizon-v1-default,99.686,13,1.0,0.2962,0.2962
2026-02-28,EUR,keyword-sentiment-v1.1-standard,llm-horizon-v1-default,100.0978,13,1.0,-0.0462,-0.0462
2026-02-28,EUR,llm-sentiment-v1-haiku,llm-horizon-v1-default,100.0978,15,1.0,0.0793,0.0793
2026-02-28,GBP,keyword-sentiment-v1.1-standard,llm-horizon-v1-default,100.3815,6,1.0,-0.065,-0.065
2026-02-28,GBP,llm-sentiment-v1-haiku,llm-horizon-v1-default,100.3815,5,1.0,0.034,0.034
2026-02-28,JPY,keyword-sentiment-v1.1-standard,llm-horizon-v1-default,101.0661,5,1.0,-0.054,-0.054
2026-02-28,JPY,llm-sentiment-v1-haiku,llm-horizon-v1-default,101.0661,5,1.0,0.006,0.006
2026-02-28,MXN,keyword-sentiment-v1.1-standard,llm-horizon-v1-default,100.0997,1,0.5,-0.09,-0.045
2026-02-28,SEK,keyword-sentiment-v1.1-standard,llm-horizon-v1-default,99.8819,4,1.0,-0.125,-0.125
2026-02-28,SEK,llm-sentiment-v1-haiku,llm-horizon-v1-default,99.8819,5,1.0,-0.086,-0.086
2026-02-28,USD,keyword-sentiment-v1.1-standard,llm-horizon-v1-default,100.3061,40,1.0,-0.0295,-0.0295
2026-02-28,USD,llm-sentiment-v1-haiku,llm-horizon-v1-default,100.3061,57,1.0,-0.0851,-0.0851
2026-03-01,AUD,keyword-sentiment-v1.1-standard,llm-horizon-v1-default,99.5908,7,1.0,-0.04,-0.04
2026-03-01,AUD,llm-sentiment-v1-haiku,llm-horizon-v1-default,99.5908,14,1.0,0.0243,0.0243
2026-03-01,CAD,keyword-sentiment-v1.1-standard,llm-horizon-v1-default,99.8493,1,0.5,-0.05,-0.025
2026-03-01,CAD,llm-sentiment-v1-haiku,llm-horizon-v1-default,99.8493,5,1.0,0.168,0.168
2026-03-01,CHF,keyword-sentiment-v1.1-standard,llm-horizon-v1-default,99.4511,2,0.7071,-0.05,-0.0354
2026-03-01,CHF,llm-sentiment-v1-haiku,llm-horizon-v1-default,99.4511,2,0.7071,-0.14,-0.099
2026-03-01,CNY,keyword-sentiment-v1.1-standard,llm-horizon-v1-default,99.6683,5,1.0,0.096,0.096
2026-03-01,CNY,llm-sentiment-v1-haiku,llm-horizon-v1-default,99.6683,12,1.0,0.2625,0.2625
2026-03-01,EUR,keyword-sentiment-v1.1-standard,llm-horizon-v1-default,99.9875,7,1.0,0.0371,0.0371
2026-03-01,EUR,llm-sentiment-v1-haiku,llm-horizon-v1-default,99.9875,15,1.0,0.136,0.136
2026-03-01,GBP,keyword-sentiment-v1.1-standard,llm-horizon-v1-default,100.4027,6,1.0,-0.065,-0.065
2026-03-01,GBP,llm-sentiment-v1-haiku,llm-horizon-v1-default,100.4027,5,1.0,0.034,0.034
2026-03-01,JPY,keyword-sentiment-v1.1-standard,llm-horizon-v1-default,101.0555,5,1.0,-0.054,-0.054
2026-03-01,JPY,llm-sentiment-v1-haiku,llm-horizon-v1-default,101.0555,5,1.0,0.006,0.006
2026-03-01,MXN,keyword-sentiment-v1.1-standard,llm-horizon-v1-default,100.178,1,0.5,-0.09,-0.045
2026-03-01,SEK,keyword-sentiment-v1.1-standard,llm-horizon-v1-default,99.8686,4,1.0,-0.125,-0.125
2026-03-01,SEK,llm-sentiment-v1-haiku,llm-horizon-v1-default,99.8686,5,1.0,-0.086,-0.086
2026-03-01,USD,keyword-sentiment-v1.1-standard,llm-horizon-v1-default,100.2961,36,1.0,-0.0106,-0.0106
2026-03-01,USD,llm-sentiment-v1-haiku,llm-horizon-v1-default,100.2961,54,1.0,-0.0363,-0.0363
2026-03-02,AUD,keyword-sentiment-v1.1-standard,llm-horizon-v1-default,99.6002,8,1.0,-0.025,-0.025
2026-03-02,AUD,llm-sentiment-v1-haiku,llm-horizon-v1-default,99.6002,15,1.0,-0.024,-0.024
2026-03-02,CAD,keyword-sentiment-v1.1-standard,llm-horizon-v1-default,99.741,1,0.5,-0.05,-0.025
2026-03-02,CAD,llm-sentiment-v1-haiku,llm-horizon-v1-default,99.741,6,1.0,0.03,0.03
2026-03-02,CHF,keyword-sentiment-v1.1-standard,llm-horizon-v1-default,99.2289,4,1.0,-0.125,-0.125
2026-03-02,CHF,llm-sentiment-v1-haiku,llm-horizon-v1-default,99.2289,4,1.0,-0.0075,-0.0075
2026-03-02,CNY,keyword-sentiment-v1.1-standard,llm-horizon-v1-default,99.7098,6,1.0,0.1067,0.1067
2026-03-02,CNY,llm-sentiment-v1-haiku,llm-horizon-v1-default,99.7098,14,1.0,0.3036,0.3036
2026-03-02,EUR,keyword-sentiment-v1.1-standard,llm-horizon-v1-default,100.1368,16,1.0,0.025,0.025
2026-03-02,EUR,llm-sentiment-v1-haiku,llm-horizon-v1-default,100.1368,22,1.0,0.0295,0.0295
2026-03-02,GBP,keyword-sentiment-v1.1-standard,llm-horizon-v1-default,100.6088,9,1.0,-0.0367,-0.0367
2026-03-02,GBP,llm-sentiment-v1-haiku,llm-horizon-v1-default,100.6088,7,1.0,0.0586,0.0586
2026-03-02,JPY,keyword-sentiment-v1.1-standard,llm-horizon-v1-default,101.1224,5,1.0,-0.084,-0.084
2026-03-02,JPY,llm-sentiment-v1-haiku,llm-horizon-v1-default,101.1224,6,1.0,0.065,0.065
2026-03-02,MXN,keyword-sentiment-v1.1-standard,llm-horizon-v1-default,100.117,1,0.5,-0.09,-0.045
2026-03-02,SEK,keyword-sentiment-v1.1-standard,llm-horizon-v1-default,100.0103,4,1.0,-0.125,-0.125
2026-03-02,SEK,llm-sentiment-v1-haiku,llm-horizon-v1-default,100.0103,5,1.0,-0.086,-0.086
2026-03-02,USD,keyword-sentiment-v1.1-standard,llm-horizon-v1-default,100.1564,44,1.0,0.0352,0.0352
2026-03-02,USD,llm-sentiment-v1-haiku,llm-horizon-v1-default,100.1564,61,1.0,0.0326,0.0326
2026-03-03,AUD,keyword-sentiment-v1.1-standard,llm-horizon-v1-default,99.0769,5,1.0,0.04,0.04
2026-03-03,AUD,llm-sentiment-v1-haiku,llm-horizon-v1-default,99.0769,11,1.0,0.2136,0.2136
2026-03-03,CAD,keyword-sentiment-v1.1-standard,llm-horizon-v1-default,99.3358,1,0.5,-0.05,-0.025
2026-03-03,CAD,llm-sentiment-v1-haiku,llm-horizon-v1-default,99.3358,4,1.0,0.1975,0.1975
2026-03-03,CHF,keyword-sentiment-v1.1-standard,llm-horizon-v1-default,100.2338,3,0.866,-0.2,-0.1732
2026-03-03,CHF,llm-sentiment-v1-haiku,llm-horizon-v1-default,100.2338,2,0.7071,-0.475,-0.3359
2026-03-03,CNY,keyword-sentiment-v1.1-standard,llm-horizon-v1-default,99.3976,8,1.0,0.1025,0.1025
2026-03-03,CNY,llm-sentiment-v1-haiku,llm-horizon-v1-default,99.3976,15,1.0,0.3667,0.3667
2026-03-03,EUR,keyword-sentiment-v1.1-standard,llm-horizon-v1-default,100.4472,32,1.0,0.0387,0.0387
2026-03-03,EUR,llm-sentiment-v1-haiku,llm-horizon-v1-default,100.4472,35,1.0,-0.1143,-0.1143
2026-03-03,GBP,keyword-sentiment-v1.1-standard,llm-horizon-v1-default,100.3746,9,1.0,-0.0256,-0.0256
2026-03-03,GBP,llm-sentiment-v1-haiku,llm-horizon-v1-default,100.3746,8,1.0,-0.0362,-0.0362
2026-03-03,JPY,keyword-sentiment-v1.1-standard,llm-horizon-v1-default,101.227,5,1.0,-0.084,-0.084
2026-03-03,JPY,llm-sentiment-v1-haiku,llm-horizon-v1-default,101.227,5,1.0,0.178,0.178
2026-03-03,MXN,keyword-sentiment-v1.1-standard,llm-horizon-v1-default,99.963,1,0.5,-0.09,-0.045
2026-03-03,SEK,keyword-sentiment-v1.1-standard,llm-horizon-v1-default,100.784,3,0.866,-0.2,-0.1732
2026-03-03,SEK,llm-sentiment-v1-haiku,llm-horizon-v1-default,100.784,3,0.866,-0.4933,-0.4272
2026-03-03,USD,keyword-sentiment-v1.1-standard,llm-horizon-v1-default,99.6404,47,1.0,0.0806,0.0806
2026-03-03,USD,llm-sentiment-v1-haiku,llm-horizon-v1-default,99.6404,51,1.0,0.27,0.27
2026-03-04,AUD,keyword-sentiment-v1.1-standard,llm-horizon-v1-default,99.6316,6,1.0,0.06,0.06
2026-03-04,AUD,llm-sentiment-v1-haiku,llm-horizon-v1-default,99.6316,14,1.0,0.1464,0.1464
2026-03-04,CAD,keyword-sentiment-v1.1-standard,llm-horizon-v1-default,98.6377,1,0.5,0.2,0.1
2026-03-04,CAD,llm-sentiment-v1-haiku,llm-horizon-v1-default,98.6377,4,1.0,0.3225,0.3225
2026-03-04,CHF,keyword-sentiment-v1.1-standard,llm-horizon-v1-default,99.6834,5,1.0,-0.164,-0.164
2026-03-04,CHF,llm-sentiment-v1-haiku,llm-horizon-v1-default,99.6834,4,1.0,-0.3175,-0.3175
2026-03-04,CNY,keyword-sentiment-v1.1-standard,llm-horizon-v1-default,99.1308,10,1.0,0.09,0.09
2026-03-04,CNY,llm-sentiment-v1-haiku,llm-horizon-v1-default,99.1308,17,1.0,0.3235,0.3235
2026-03-04,EUR,keyword-sentiment-v1.1-standard,llm-horizon-v1-default,100.4878,31,1.0,0.0358,0.0358
2026-03-04,EUR,llm-sentiment-v1-haiku,llm-horizon-v1-default,100.4878,47,1.0,-0.0947,-0.0947
2026-03-04,GBP,keyword-sentiment-v1.1-standard,llm-horizon-v1-default,100.0972,1,0.5,-0.09,-0.045
2026-03-04,GBP,llm-sentiment-v1-haiku,llm-horizon-v1-default,100.0972,2,0.7071,-0.7,-0.495
2026-03-04,JPY,keyword-sentiment-v1.1-standard,llm-horizon-v1-default,100.5473,4,1.0,-0.125,-0.125
2026-03-04,JPY,llm-sentiment-v1-haiku,llm-horizon-v1-default,100.5473,8,1.0,0.34,0.34
2026-03-04,MXN,keyword-sentiment-v1.1-standard,llm-horizon-v1-default,101.5858,1,0.5,-0.09,-0.045
2026-03-04,SEK,keyword-sentiment-v1.1-standard,llm-horizon-v1-default,101.373,3,0.866,-0.2,-0.1732
2026-03-04,SEK,llm-sentiment-v1-haiku,llm-horizon-v1-default,101.373,3,0.866,-0.4933,-0.4272
2026-03-04,USD,keyword-sentiment-v1.1-standard,llm-horizon-v1-default,98.7558,46,1.0,0.1076,0.1076
2026-03-04,USD,llm-sentiment-v1-haiku,llm-horizon-v1-default,98.7558,49,1.0,0.4567,0.4567
2026-03-05,AUD,keyword-sentiment-v1.1-standard,llm-horizon-v1-default,99.2631,5,1.0,0.128,0.128
2026-03-05,AUD,llm-sentiment-v1-haiku,llm-horizon-v1-default,99.2631,13,1.0,-0.0346,-0.0346
2026-03-05,CAD,keyword-sentiment-v1.1-standard,llm-horizon-v1-default,98.7797,2,0.7071,0.14,0.099
2026-03-05,CAD,llm-sentiment-v1-haiku,llm-horizon-v1-default,98.7797,5,1.0,0.398,0.398
2026-03-05,CHF,keyword-sentiment-v1.1-standard,llm-horizon-v1-default,99.8525,4,1.0,-0.225,-0.225
2026-03-05,CHF,llm-sentiment-v1-haiku,llm-horizon-v1-default,99.8525,4,1.0,-0.3175,-0.3175
2026-03-05,CNY,keyword-sentiment-v1.1-standard,llm-horizon-v1-default,99.1117,12,1.0,0.09,0.09
2026-03-05,CNY,llm-sentiment-v1-haiku,llm-horizon-v1-default,99.1117,22,1.0,0.3177,0.3177
2026-03-05,EUR,keyword-sentiment-v1.1-standard,llm-horizon-v1-default,100.7184,31,1.0,-0.0387,-0.0387
2026-03-05,EUR,llm-sentiment-v1-haiku,llm-horizon-v1-default,100.7184,52,1.0,-0.0656,-0.0656
2026-03-05,GBP,keyword-sentiment-v1.1-standard,llm-horizon-v1-default,100.3359,2,0.7071,-0.095,-0.0672
2026-03-05,GBP,llm-sentiment-v1-haiku,llm-horizon-v1-default,100.3359,3,0.866,-0.3833,-0.332
2026-03-05,JPY,keyword-sentiment-v1.1-standard,llm-horizon-v1-default,100.5515,2,0.7071,-0.1,-0.0707
2026-03-05,JPY,llm-sentiment-v1-haiku,llm-horizon-v1-default,100.5515,7,1.0,0.4243,0.4243
2026-03-05,MXN,keyword-sentiment-v1.1-standard,llm-horizon-v1-default,101.5998,1,0.5,-0.09,-0.045
2026-03-05,SEK,keyword-sentiment-v1.1-standard,llm-horizon-v1-default,100.6458,3,0.866,-0.0967,-0.0837
2026-03-05,SEK,llm-sentiment-v1-haiku,llm-horizon-v1-default,100.6458,2,0.7071,-0.5,-0.3536
2026-03-05,USD,keyword-sentiment-v1.1-standard,llm-horizon-v1-default,99.2175,57,1.0,0.0881,0.0881
2026-03-05,USD,llm-sentiment-v1-haiku,llm-horizon-v1-default,99.2175,66,1.0,0.4314,0.4314
2026-03-06,AUD,keyword-sentiment-v1.1-standard,llm-horizon-v1-default,99.2631,6,1.0,0.09,0.09
2026-03-06,AUD,llm-sentiment-v1-haiku,llm-horizon-v1-default,99.2631,12,1.0,-0.0958,-0.0958
2026-03-06,CAD,keyword-sentiment-v1.1-standard,llm-horizon-v1-default,98.7797,3,0.866,0.1267,0.1097
2026-03-06,CAD,llm-sentiment-v1-haiku,llm-horizon-v1-default,98.7797,6,1.0,0.4483,0.4483
2026-03-06,CHF,keyword-sentiment-v1.1-standard,llm-horizon-v1-default,99.8525,4,1.0,-0.225,-0.225
2026-03-06,CHF,llm-sentiment-v1-haiku,llm-horizon-v1-default,99.8525,4,1.0,-0.3175,-0.3175
2026-03-06,CNY,keyword-sentiment-v1.1-standard,llm-horizon-v1-default,99.1117,12,1.0,0.08,0.08
2026-03-06,CNY,llm-sentiment-v1-haiku,llm-horizon-v1-default,99.1117,22,1.0,0.2541,0.2541
2026-03-06,EUR,keyword-sentiment-v1.1-standard,llm-horizon-v1-default,100.7184,46,1.0,-0.0087,-0.0087
2026-03-06,EUR,llm-sentiment-v1-haiku,llm-horizon-v1-default,100.7184,69,1.0,0.053,0.053
2026-03-06,GBP,keyword-sentiment-v1.1-standard,llm-horizon-v1-default,100.3359,1,0.5,-0.1,-0.05
2026-03-06,GBP,llm-sentiment-v1-haiku,llm-horizon-v1-default,100.3359,3,0.866,-0.3833,-0.332
2026-03-06,JPY,keyword-sentiment-v1.1-standard,llm-horizon-v1-default,100.5515,2,0.7071,-0.1,-0.0707
2026-03-06,JPY,llm-sentiment-v1-haiku,llm-horizon-v1-default,100.5515,5,1.0,0.384,0.384
2026-03-06,MXN,keyword-sentiment-v1.1-standard,llm-horizon-v1-default,101.5998,2,0.7071,-0.145,-0.1025
2026-03-06,MXN,llm-sentiment-v1-haiku,llm-horizon-v1-default,101.5998,2,0.7071,-0.1,-0.0707
2026-03-06,NOK,keyword-sentiment-v1.1-standard,llm-horizon-v1-default,100.007,1,0.5,0.2,0.1
2026-03-06,NOK,llm-sentiment-v1-haiku,llm-horizon-v1-default,100.007,1,0.5,0.7,0.35
2026-03-06,SEK,keyword-sentiment-v1.1-standard,llm-horizon-v1-default,100.6458,3,0.866,-0.0967,-0.0837
2026-03-06,SEK,llm-sentiment-v1-haiku,llm-horizon-v1-default,100.6458,2,0.7071,-0.5,-0.3536
2026-03-06,USD,keyword-sentiment-v1.1-standard,llm-horizon-v1-default,99.2175,66,1.0,0.0727,0.0727
2026-03-06,USD,llm-sentiment-v1-haiku,llm-horizon-v1-default,99.2175,76,1.0,0.3858,0.3858
2026-03-07,AUD,keyword-sentiment-v1.1-standard,llm-horizon-v1-default,99.4901,5,1.0,0.088,0.088
2026-03-07,AUD,llm-sentiment-v1-haiku,llm-horizon-v1-default,99.4901,11,1.0,-0.1682,-0.1682
2026-03-07,CAD,keyword-sentiment-v1.1-standard,llm-horizon-v1-default,98.6826,3,0.866,0.1267,0.1097
2026-03-07,CAD,llm-sentiment-v1-haiku,llm-horizon-v1-default,98.6826,6,1.0,0.4483,0.4483
2026-03-07,CHF,keyword-sentiment-v1.1-standard,llm-horizon-v1-default,99.7307,4,1.0,-0.225,-0.225
2026-03-07,CHF,llm-sentiment-v1-haiku,llm-horizon-v1-default,99.7307,4,1.0,-0.3175,-0.3175
2026-03-07,CNY,keyword-sentiment-v1.1-standard,llm-horizon-v1-default,99.1085,15,1.0,0.0947,0.0947
2026-03-07,CNY,llm-sentiment-v1-haiku,llm-horizon-v1-default,99.1085,28,1.0,0.3104,0.3104
2026-03-07,EUR,keyword-sentiment-v1.1-standard,llm-horizon-v1-default,100.5624,31,1.0,0.0348,0.0348
2026-03-07,EUR,llm-sentiment-v1-haiku,llm-horizon-v1-default,100.5624,59,1.0,0.0863,0.0863
2026-03-07,GBP,llm-sentiment-v1-haiku,llm-horizon-v1-default,100.0726,3,0.866,-0.3833,-0.332
2026-03-07,JPY,keyword-sentiment-v1.1-standard,llm-horizon-v1-default,100.7875,2,0.7071,-0.1,-0.0707
2026-03-07,JPY,llm-sentiment-v1-haiku,llm-horizon-v1-default,100.7875,5,1.0,0.384,0.384
2026-03-07,MXN,keyword-sentiment-v1.1-standard,llm-horizon-v1-default,101.6897,1,0.5,-0.2,-0.1
2026-03-07,MXN,llm-sentiment-v1-haiku,llm-horizon-v1-default,101.6897,2,0.7071,-0.1,-0.0707
2026-03-07,NOK,llm-sentiment-v1-haiku,llm-horizon-v1-default,100.1289,1,0.5,0.7,0.35
2026-03-07,SEK,keyword-sentiment-v1.1-standard,llm-horizon-v1-default,100.8132,3,0.866,-0.0967,-0.0837
2026-03-07,SEK,llm-sentiment-v1-haiku,llm-horizon-v1-default,100.8132,2,0.7071,-0.5,-0.3536
2026-03-07,USD,keyword-sentiment-v1.1-standard,llm-horizon-v1-default,99.0247,78,1.0,0.0563,0.0563
2026-03-07,USD,llm-sentiment-v1-haiku,llm-horizon-v1-default,99.0247,95,1.0,0.3052,0.3052
2026-03-08,AUD,keyword-sentiment-v1.1-standard,llm-horizon-v1-default,99.7328,2,0.7071,0.1,0.0707
2026-03-08,AUD,llm-sentiment-v1-haiku,llm-horizon-v1-default,99.7328,11,1.0,-0.1682,-0.1682
2026-03-08,CAD,keyword-sentiment-v1.1-standard,llm-horizon-v1-default,98.0966,2,0.7071,0.14,0.099
2026-03-08,CAD,llm-sentiment-v1-haiku,llm-horizon-v1-default,98.0966,5,1.0,0.398,0.398
2026-03-08,CHF,keyword-sentiment-v1.1-standard,llm-horizon-v1-default,99.4051,3,0.866,-0.2333,-0.2021
2026-03-08,CHF,llm-sentiment-v1-haiku,llm-horizon-v1-default,99.4051,4,1.0,-0.3175,-0.3175
2026-03-08,CNY,keyword-sentiment-v1.1-standard,llm-horizon-v1-default,99.2611,9,1.0,0.0911,0.0911
2026-03-08,CNY,llm-sentiment-v1-haiku,llm-horizon-v1-default,99.2611,26,1.0,0.3404,0.3404
2026-03-08,EUR,keyword-sentiment-v1.1-standard,llm-horizon-v1-default,100.704,27,1.0,0.0304,0.0304
2026-03-08,EUR,llm-sentiment-v1-haiku,llm-horizon-v1-default,100.704,54,1.0,0.0756,0.0756
2026-03-08,GBP,llm-sentiment-v1-haiku,llm-horizon-v1-default,99.859,2,0.7071,-0.225,-0.1591
2026-03-08,JPY,keyword-sentiment-v1.1-standard,llm-horizon-v1-default,101.1361,1,0.5,-0.1,-0.05
2026-03-08,JPY,llm-sentiment-v1-haiku,llm-horizon-v1-default,101.1361,3,0.866,0.4733,0.4099
2026-03-08,MXN,keyword-sentiment-v1.1-standard,llm-horizon-v1-default,102.8659,1,0.5,-0.2,-0.1
2026-03-08,MXN,llm-sentiment-v1-haiku,llm-horizon-v1-default,102.8659,1,0.5,-0.7,-0.35
2026-03-08,NOK,llm-sentiment-v1-haiku,llm-horizon-v1-default,99.3933,1,0.5,0.7,0.35
2026-03-08,SEK,keyword-sentiment-v1.1-standard,llm-horizon-v1-default,100.5198,3,0.866,-0.0967,-0.0837
2026-03-08,SEK,llm-sentiment-v1-haiku,llm-horizon-v1-default,100.5198,2,0.7071,-0.5,-0.3536
2026-03-08,USD,keyword-sentiment-v1.1-standard,llm-horizon-v1-default,99.1639,66,1.0,0.042,0.042
2026-03-08,USD,llm-sentiment-v1-haiku,llm-horizon-v1-default,99.1639,88,1.0,0.2977,0.2977
2026-03-09,AUD,keyword-sentiment-v1.1-standard,llm-horizon-v1-default,99.7328,2,0.7071,0.1,0.0707
2026-03-09,AUD,llm-sentiment-v1-haiku,llm-horizon-v1-default,99.7328,11,1.0,-0.1682,-0.1682
2026-03-09,CAD,keyword-sentiment-v1.1-standard,llm-horizon-v1-default,98.0966,2,0.7071,0.14,0.099
2026-03-09,CAD,llm-sentiment-v1-haiku,llm-horizon-v1-default,98.0966,6,1.0,0.2733,0.2733
2026-03-09,CHF,keyword-sentiment-v1.1-standard,llm-horizon-v1-default,99.4051,3,0.866,-0.2333,-0.2021
2026-03-09,CHF,llm-sentiment-v1-haiku,llm-horizon-v1-default,99.4051,4,1.0,-0.3175,-0.3175
2026-03-09,CNY,keyword-sentiment-v1.1-standard,llm-horizon-v1-default,99.2611,11,1.0,0.0845,0.0845
2026-03-09,CNY,llm-sentiment-v1-haiku,llm-horizon-v1-default,99.2611,28,1.0,0.3168,0.3168
2026-03-09,EUR,keyword-sentiment-v1.1-standard,llm-horizon-v1-default,100.704,40,1.0,0.0197,0.0197
2026-03-09,EUR,llm-sentiment-v1-haiku,llm-horizon-v1-default,100.704,66,1.0,0.0376,0.0376
2026-03-09,GBP,llm-sentiment-v1-haiku,llm-horizon-v1-default,99.859,3,0.866,-0.03,-0.026
2026-03-09,JPY,keyword-sentiment-v1.1-standard,llm-horizon-v1-default,101.1361,2,0.7071,-0.035,-0.0247
2026-03-09,JPY,llm-sentiment-v1-haiku,llm-horizon-v1-default,101.1361,4,1.0,0.48,0.48
2026-03-09,MXN,keyword-sentiment-v1.1-standard,llm-horizon-v1-default,102.8659,1,0.5,-0.2,-0.1
2026-03-09,MXN,llm-sentiment-v1-haiku,llm-horizon-v1-default,102.8659,1,0.5,-0.7,-0.35
2026-03-09,NOK,llm-sentiment-v1-haiku,llm-horizon-v1-default,99.3933,1,0.5,0.7,0.35
2026-03-09,SEK,keyword-sentiment-v1.1-standard,llm-horizon-v1-default,100.5198,3,0.866,-0.0967,-0.0837
2026-03-09,SEK,llm-sentiment-v1-haiku,llm-horizon-v1-default,100.5198,2,0.7071,-0.5,-0.3536
2026-03-09,USD,keyword-sentiment-v1.1-standard,llm-horizon-v1-default,99.1639,72,1.0,0.046,0.046
2026-03-09,USD,llm-sentiment-v1-haiku,llm-horizon-v1-default,99.1639,99,1.0,0.3018,0.3018
2026-03-10,AUD,keyword-sentiment-v1.1-standard,llm-horizon-v1-default,99.8145,8,1.0,0.0612,0.0612
2026-03-10,AUD,llm-sentiment-v1-haiku,llm-horizon-v1-default,99.8145,15,1.0,-0.1047,-0.1047
2026-03-10,CAD,keyword-sentiment-v1.1-standard,llm-horizon-v1-default,97.5422,2,0.7071,0.14,0.099
2026-03-10,CAD,llm-sentiment-v1-haiku,llm-horizon-v1-default,97.5422,7,1.0,0.1629,0.1629
2026-03-10,CHF,keyword-sentiment-v1.1-standard,llm-horizon-v1-default,99.4069,1,0.5,-0.3,-0.15
2026-03-10,CHF,llm-sentiment-v1-haiku,llm-horizon-v1-default,99.4069,3,0.866,-0.34,-0.2944
2026-03-10,CNY,keyword-sentiment-v1.1-standard,llm-horizon-v1-default,98.9212,12,1.0,0.0992,0.0992
2026-03-10,CNY,llm-sentiment-v1-haiku,llm-horizon-v1-default,98.9212,31,1.0,0.2929,0.2929
2026-03-10,EUR,keyword-sentiment-v1.1-standard,llm-horizon-v1-default,100.9803,23,1.0,-0.043,-0.043
2026-03-10,EUR,llm-sentiment-v1-haiku,llm-horizon-v1-default,100.9803,59,1.0,-0.0022,-0.0022
2026-03-10,GBP,llm-sentiment-v1-haiku,llm-horizon-v1-default,100.1321,3,0.866,-0.03,-0.026
2026-03-10,JPY,keyword-sentiment-v1.1-standard,llm-horizon-v1-default,101.1375,3,0.866,0.0067,0.0058
2026-03-10,JPY,llm-sentiment-v1-haiku,llm-horizon-v1-default,101.1375,6,1.0,0.4367,0.4367
2026-03-10,MXN,keyword-sentiment-v1.1-standard,llm-horizon-v1-default,103.1753,1,0.5,-0.2,-0.1
2026-03-10,MXN,llm-sentiment-v1-haiku,llm-horizon-v1-default,103.1753,1,0.5,-0.7,-0.35
2026-03-10,NOK,keyword-sentiment-v1.1-standard,llm-horizon-v1-default,99.3473,1,0.5,0.06,0.03
2026-03-10,NOK,llm-sentiment-v1-haiku,llm-horizon-v1-default,99.3473,2,0.7071,0.475,0.3359
2026-03-10,SEK,keyword-sentiment-v1.1-standard,llm-horizon-v1-default,101.1596,3,0.866,-0.0967,-0.0837
2026-03-10,SEK,llm-sentiment-v1-haiku,llm-horizon-v1-default,101.1596,2,0.7071,-0.5,-0.3536
2026-03-10,USD,keyword-sentiment-v1.1-standard,llm-horizon-v1-default,98.5677,61,1.0,0.0782,0.0782
2026-03-10,USD,llm-sentiment-v1-haiku,llm-horizon-v1-default,98.5677,89,1.0,0.3255,0.3255
2026-03-11,AUD,keyword-sentiment-v1.1-standard,llm-horizon-v1-default,98.2864,6,1.0,0.115,0.115
2026-03-11,AUD,llm-sentiment-v1-haiku,llm-horizon-v1-default,98.2864,6,1.0,0.505,0.505
2026-03-11,CAD,keyword-sentiment-v1.1-standard,llm-horizon-v1-default,98.4267,2,0.7071,0.14,0.099
2026-03-11,CAD,llm-sentiment-v1-haiku,llm-horizon-v1-default,98.4267,7,1.0,0.1629,0.1629
2026-03-11,CHF,keyword-sentiment-v1.1-standard,llm-horizon-v1-default,99.8677,1,0.5,-0.3,-0.15
2026-03-11,CHF,llm-sentiment-v1-haiku,llm-horizon-v1-default,99.8677,3,0.866,-0.34,-0.2944
2026-03-11,CNY,keyword-sentiment-v1.1-standard,llm-horizon-v1-default,99.0422,5,1.0,0.1,0.1
2026-03-11,CNY,llm-sentiment-v1-haiku,llm-horizon-v1-default,99.0422,25,1.0,0.3084,0.3084
2026-03-11,EUR,keyword-sentiment-v1.1-standard,llm-horizon-v1-default,101.0066,22,1.0,-0.0405,-0.0405
2026-03-11,EUR,llm-sentiment-v1-haiku,llm-horizon-v1-default,101.0066,48,1.0,-0.0081,-0.0081
2026-03-11,GBP,llm-sentiment-v1-haiku,llm-horizon-v1-default,99.9518,2,0.7071,0.305,0.2157
2026-03-11,JPY,keyword-sentiment-v1.1-standard,llm-horizon-v1-default,101.8758,1,0.5,-0.1,-0.05
2026-03-11,MXN,keyword-sentiment-v1.1-standard,llm-horizon-v1-default,101.3875,1,0.5,-0.2,-0.1
2026-03-11,MXN,llm-sentiment-v1-haiku,llm-horizon-v1-default,101.3875,1,0.5,-0.7,-0.35
2026-03-11,NOK,llm-sentiment-v1-haiku,llm-horizon-v1-default,100.1561,1,0.5,0.7,0.35
2026-03-11,SEK,keyword-sentiment-v1.1-standard,llm-horizon-v1-default,100.6993,3,0.866,-0.0967,-0.0837
2026-03-11,SEK,llm-sentiment-v1-haiku,llm-horizon-v1-default,100.6993,2,0.7071,-0.5,-0.3536
2026-03-11,USD,keyword-sentiment-v1.1-standard,llm-horizon-v1-default,99.4707,17,1.0,0.0741,0.0741
2026-03-11,USD,llm-sentiment-v1-haiku,llm-horizon-v1-default,99.4707,62,1.0,0.3639,0.3639
2026-03-12,AUD,keyword-sentiment-v1.1-standard,llm-horizon-v1-default,97.9086,8,1.0,0.0862,0.0862
2026-03-12,AUD,llm-sentiment-v1-haiku,llm-horizon-v1-default,97.9086,8,1.0,0.36,0.36
2026-03-12,CAD,keyword-sentiment-v1.1-standard,llm-horizon-v1-default,98.029,1,0.5,0.08,0.04
2026-03-12,CAD,llm-sentiment-v1-haiku,llm-horizon-v1-default,98.029,7,1.0,0.1986,0.1986
2026-03-12,CNY,keyword-sentiment-v1.1-standard,llm-horizon-v1-default,98.647,5,1.0,0.06,0.06
2026-03-12,CNY,llm-sentiment-v1-haiku,llm-horizon-v1-default,98.647,23,1.0,0.2896,0.2896
2026-03-12,EUR,keyword-sentiment-v1.1-standard,llm-horizon-v1-default,101.2893,26,1.0,-0.0208,-0.0208
2026-03-12,EUR,llm-sentiment-v1-haiku,llm-horizon-v1-default,101.2893,48,1.0,-0.1152,-0.1152
2026-03-12,GBP,llm-sentiment-v1-haiku,llm-horizon-v1-default,99.9851,2,0.7071,0.305,0.2157
2026-03-12,MXN,keyword-sentiment-v1.1-standard,llm-horizon-v1-default,102.1885,1,0.5,-0.2,-0.1
2026-03-12,MXN,llm-sentiment-v1-haiku,llm-horizon-v1-default,102.1885,1,0.5,-0.7,-0.35
2026-03-12,NOK,llm-sentiment-v1-haiku,llm-horizon-v1-default,100.1641,1,0.5,0.7,0.35
2026-03-12,SEK,keyword-sentiment-v1.1-standard,llm-horizon-v1-default,101.3646,3,0.866,-0.0967,-0.0837
2026-03-12,SEK,llm-sentiment-v1-haiku,llm-horizon-v1-default,101.3646,3,0.866,-0.1,-0.0866
2026-03-12,USD,keyword-sentiment-v1.1-standard,llm-horizon-v1-default,98.933,34,1.0,0.0518,0.0518
2026-03-12,USD,llm-sentiment-v1-haiku,llm-horizon-v1-default,98.933,78,1.0,0.2971,0.2971
2026-03-13,AUD,keyword-sentiment-v1.1-standard,llm-horizon-v1-default,98.3228,8,1.0,0.0862,0.0862
2026-03-13,AUD,llm-sentiment-v1-haiku,llm-horizon-v1-default,98.3228,8,1.0,0.36,0.36
2026-03-13,CAD,keyword-sentiment-v1.1-standard,llm-horizon-v1-default,98.0529,3,0.866,0.0933,0.0808
2026-03-13,CAD,llm-sentiment-v1-haiku,llm-horizon-v1-default,98.0529,8,1.0,0.0437,0.0437
2026-03-13,CHF,keyword-sentiment-v1.1-standard,llm-horizon-v1-default,100.1065,1,0.5,0.05,0.025
2026-03-13,CHF,llm-sentiment-v1-haiku,llm-horizon-v1-default,100.1065,1,0.5,0.7,0.35
2026-03-13,CNY,keyword-sentiment-v1.1-standard,llm-horizon-v1-default,98.4007,4,1.0,0.1,0.1
2026-03-13,CNY,llm-sentiment-v1-haiku,llm-horizon-v1-default,98.4007,20,1.0,0.3505,0.3505
2026-03-13,EUR,keyword-sentiment-v1.1-standard,llm-horizon-v1-default,101.1052,34,1.0,-0.0074,-0.0074
2026-03-13,EUR,llm-sentiment-v1-haiku,llm-horizon-v1-default,101.1052,54,1.0,-0.0222,-0.0222
2026-03-13,GBP,keyword-sentiment-v1.1-standard,llm-horizon-v1-default,99.7446,3,0.866,0.0367,0.0318
2026-03-13,GBP,llm-sentiment-v1-haiku,llm-horizon-v1-default,99.7446,5,1.0,0.02,0.02
2026-03-13,MXN,keyword-sentiment-v1.1-standard,llm-horizon-v1-default,102.1079,1,0.5,-0.2,-0.1
2026-03-13,MXN,llm-sentiment-v1-haiku,llm-horizon-v1-default,102.1079,1,0.5,-0.7,-0.35
2026-03-13,NOK,llm-sentiment-v1-haiku,llm-horizon-v1-default,100.162,1,0.5,0.7,0.35
2026-03-13,SEK,keyword-sentiment-v1.1-standard,llm-horizon-v1-default,101.9779,1,0.5,-0.1,-0.05
2026-03-13,SEK,llm-sentiment-v1-haiku,llm-horizon-v1-default,101.9779,2,0.7071,0.1,0.0707
2026-03-13,USD,keyword-sentiment-v1.1-standard,llm-horizon-v1-default,98.6064,46,1.0,0.0561,0.0561
2026-03-13,USD,llm-sentiment-v1-haiku,llm-horizon-v1-default,98.6064,89,1.0,0.2098,0.2098
2026-03-14,AUD,keyword-sentiment-v1.1-standard,llm-horizon-v1-default,99.3353,8,1.0,0.0837,0.0837
2026-03-14,AUD,llm-sentiment-v1-haiku,llm-horizon-v1-default,99.3353,7,1.0,0.39,0.39
2026-03-14,CAD,keyword-sentiment-v1.1-standard,llm-horizon-v1-default,97.9544,5,1.0,-0.004,-0.004
2026-03-14,CAD,llm-sentiment-v1-haiku,llm-horizon-v1-default,97.9544,10,1.0,-0.04,-0.04
2026-03-14,CHF,keyword-sentiment-v1.1-standard,llm-horizon-v1-default,100.4528,1,0.5,-0.09,-0.045
2026-03-14,CHF,llm-sentiment-v1-haiku,llm-horizon-v1-default,100.4528,2,0.7071,0.55,0.3889
2026-03-14,CNY,keyword-sentiment-v1.1-standard,llm-horizon-v1-default,97.7835,5,1.0,0.04,0.04
2026-03-14,CNY,llm-sentiment-v1-haiku,llm-horizon-v1-default,97.7835,21,1.0,0.3171,0.3171
2026-03-14,EUR,keyword-sentiment-v1.1-standard,llm-horizon-v1-default,100.9152,36,1.0,0.0014,0.0014
2026-03-14,EUR,llm-sentiment-v1-haiku,llm-horizon-v1-default,100.9152,50,1.0,-0.0612,-0.0612
2026-03-14,GBP,keyword-sentiment-v1.1-standard,llm-horizon-v1-default,99.9492,1,0.5,-0.05,-0.025
2026-03-14,GBP,llm-sentiment-v1-haiku,llm-horizon-v1-default,99.9492,4,1.0,0.0025,0.0025
2026-03-14,MXN,keyword-sentiment-v1.1-standard,llm-horizon-v1-default,102.167,1,0.5,0.1,0.05
2026-03-14,MXN,llm-sentiment-v1-haiku,llm-horizon-v1-default,102.167,1,0.5,0.5,0.25
2026-03-14,NOK,llm-sentiment-v1-haiku,llm-horizon-v1-default,100.0991,1,0.5,0.7,0.35
2026-03-14,SEK,keyword-sentiment-v1.1-standard,llm-horizon-v1-default,102.7259,3,0.866,-0.1067,-0.0924
2026-03-14,SEK,llm-sentiment-v1-haiku,llm-horizon-v1-default,102.7259,3,0.866,-0.1167,-0.101
2026-03-14,USD,keyword-sentiment-v1.1-standard,llm-horizon-v1-default,97.7946,58,1.0,0.0552,0.0552
2026-03-14,USD,llm-sentiment-v1-haiku,llm-horizon-v1-default,97.7946,89,1.0,0.2331,0.2331
2026-03-15,AUD,keyword-sentiment-v1.1-standard,llm-horizon-v1-default,99.1596,8,1.0,0.0837,0.0837
2026-03-15,AUD,llm-sentiment-v1-haiku,llm-horizon-v1-default,99.1596,8,1.0,0.2537,0.2537
2026-03-15,CAD,keyword-sentiment-v1.1-standard,llm-horizon-v1-default,97.9766,5,1.0,-0.004,-0.004
2026-03-15,CAD,llm-sentiment-v1-haiku,llm-horizon-v1-default,97.9766,10,1.0,-0.04,-0.04
2026-03-15,CHF,keyword-sentiment-v1.1-standard,llm-horizon-v1-default,100.6519,1,0.5,-0.09,-0.045
2026-03-15,CHF,llm-sentiment-v1-haiku,llm-horizon-v1-default,100.6519,2,0.7071,0.55,0.3889
2026-03-15,CNY,keyword-sentiment-v1.1-standard,llm-horizon-v1-default,97.8933,5,1.0,0.04,0.04
2026-03-15,CNY,llm-sentiment-v1-haiku,llm-horizon-v1-default,97.8933,20,1.0,0.313,0.313
2026-03-15,EUR,keyword-sentiment-v1.1-standard,llm-horizon-v1-default,100.8241,31,1.0,0.0239,0.0239
2026-03-15,EUR,llm-sentiment-v1-haiku,llm-horizon-v1-default,100.8241,49,1.0,-0.0706,-0.0706
2026-03-15,GBP,keyword-sentiment-v1.1-standard,llm-horizon-v1-default,99.9624,1,0.5,-0.05,-0.025
2026-03-15,GBP,llm-sentiment-v1-haiku,llm-horizon-v1-default,99.9624,4,1.0,0.0025,0.0025
2026-03-15,MXN,keyword-sentiment-v1.1-standard,llm-horizon-v1-default,102.2142,1,0.5,0.1,0.05
2026-03-15,MXN,llm-sentiment-v1-haiku,llm-horizon-v1-default,102.2142,1,0.5,0.5,0.25
2026-03-15,NOK,llm-sentiment-v1-haiku,llm-horizon-v1-default,99.8613,1,0.5,0.7,0.35
2026-03-15,SEK,keyword-sentiment-v1.1-standard,llm-horizon-v1-default,102.7686,3,0.866,-0.1067,-0.0924
2026-03-15,SEK,llm-sentiment-v1-haiku,llm-horizon-v1-default,102.7686,3,0.866,-0.1167,-0.101
2026-03-15,USD,keyword-sentiment-v1.1-standard,llm-horizon-v1-default,97.8569,60,1.0,0.049,0.049
2026-03-15,USD,llm-sentiment-v1-haiku,llm-horizon-v1-default,97.8569,90,1.0,0.225,0.225
2026-03-16,AUD,keyword-sentiment-v1.1-standard,llm-horizon-v1-default,98.9441,10,1.0,0.093,0.093
2026-03-16,AUD,llm-sentiment-v1-haiku,llm-horizon-v1-default,98.9441,10,1.0,0.313,0.313
2026-03-16,CAD,keyword-sentiment-v1.1-standard,llm-horizon-v1-default,98.1373,7,1.0,-0.0057,-0.0057
2026-03-16,CAD,llm-sentiment-v1-haiku,llm-horizon-v1-default,98.1373,12,1.0,-0.0933,-0.0933
2026-03-16,CHF,keyword-sentiment-v1.1-standard,llm-horizon-v1-default,100.0134,1,0.5,-0.1,-0.05
2026-03-16,CHF,llm-sentiment-v1-haiku,llm-horizon-v1-default,100.0134,3,0.866,0.25,0.2165
2026-03-16,CNY,keyword-sentiment-v1.1-standard,llm-horizon-v1-default,98.102,9,1.0,0.06,0.06
2026-03-16,CNY,llm-sentiment-v1-haiku,llm-horizon-v1-default,98.102,27,1.0,0.1489,0.1489
2026-03-16,EUR,keyword-sentiment-v1.1-standard,llm-horizon-v1-default,101.2172,25,1.0,-0.0056,-0.0056
2026-03-16,EUR,llm-sentiment-v1-haiku,llm-horizon-v1-default,101.2172,53,1.0,-0.0653,-0.0653
2026-03-16,GBP,keyword-sentiment-v1.1-standard,llm-horizon-v1-default,100.0341,4,1.0,0.0075,0.0075
2026-03-16,GBP,llm-sentiment-v1-haiku,llm-horizon-v1-default,100.0341,6,1.0,-0.015,-0.015
2026-03-16,JPY,llm-sentiment-v1-haiku,llm-horizon-v1-default,101.2699,1,0.5,-0.5,-0.25
2026-03-16,MXN,keyword-sentiment-v1.1-standard,llm-horizon-v1-default,101.8252,1,0.5,0.1,0.05
2026-03-16,MXN,llm-sentiment-v1-haiku,llm-horizon-v1-default,101.8252,1,0.5,0.5,0.25
2026-03-16,NOK,llm-sentiment-v1-haiku,llm-horizon-v1-default,100.179,1,0.5,0.7,0.35
2026-03-16,SEK,keyword-sentiment-v1.1-standard,llm-horizon-v1-default,102.4747,3,0.866,-0.1067,-0.0924
2026-03-16,SEK,llm-sentiment-v1-haiku,llm-horizon-v1-default,102.4747,3,0.866,-0.1167,-0.101
2026-03-16,USD,keyword-sentiment-v1.1-standard,llm-horizon-v1-default,98.0583,53,1.0,0.0445,0.0445
2026-03-16,USD,llm-sentiment-v1-haiku,llm-horizon-v1-default,98.0583,97,1.0,0.2692,0.2692
2026-03-17,AUD,keyword-sentiment-v1.1-standard,llm-horizon-v1-default,98.2896,12,1.0,0.0942,0.0942
2026-03-17,AUD,llm-sentiment-v1-haiku,llm-horizon-v1-default,98.2896,14,1.0,0.3271,0.3271
2026-03-17,CAD,keyword-sentiment-v1.1-standard,llm-horizon-v1-default,98.4188,7,1.0,0.0057,0.0057
2026-03-17,CAD,llm-sentiment-v1-haiku,llm-horizon-v1-default,98.4188,14,1.0,-0.0193,-0.0193
2026-03-17,CHF,keyword-sentiment-v1.1-standard,llm-horizon-v1-default,100.4386,2,0.7071,-0.15,-0.1061
2026-03-17,CHF,llm-sentiment-v1-haiku,llm-horizon-v1-default,100.4386,4,1.0,0.0975,0.0975
2026-03-17,CNY,keyword-sentiment-v1.1-standard,llm-horizon-v1-default,98.3482,6,1.0,0.0033,0.0033
2026-03-17,CNY,llm-sentiment-v1-haiku,llm-horizon-v1-default,98.3482,29,1.0,0.0986,0.0986
2026-03-17,EUR,keyword-sentiment-v1.1-standard,llm-horizon-v1-default,101.2721,28,1.0,0.0321,0.0321
2026-03-17,EUR,llm-sentiment-v1-haiku,llm-horizon-v1-default,101.2721,58,1.0,-0.0397,-0.0397
2026-03-17,GBP,keyword-sentiment-v1.1-standard,llm-horizon-v1-default,100.0972,5,1.0,-0.014,-0.014
2026-03-17,GBP,llm-sentiment-v1-haiku,llm-horizon-v1-default,100.0972,7,1.0,0.1871,0.1871
2026-03-17,JPY,keyword-sentiment-v1.1-standard,llm-horizon-v1-default,101.6125,1,0.5,-0.1,-0.05
2026-03-17,JPY,llm-sentiment-v1-haiku,llm-horizon-v1-default,101.6125,2,0.7071,-0.37,-0.2616
2026-03-17,MXN,keyword-sentiment-v1.1-standard,llm-horizon-v1-default,101.3069,1,0.5,0.1,0.05
2026-03-17,MXN,llm-sentiment-v1-haiku,llm-horizon-v1-default,101.3069,1,0.5,0.5,0.25
2026-03-17,NOK,llm-sentiment-v1-haiku,llm-horizon-v1-default,99.8484,1,0.5,0.7,0.35
2026-03-17,SEK,keyword-sentiment-v1.1-standard,llm-horizon-v1-default,102.0472,3,0.866,-0.1067,-0.0924
2026-03-17,SEK,llm-sentiment-v1-haiku,llm-horizon-v1-default,102.0472,4,1.0,-0.02,-0.02
2026-03-17,USD,keyword-sentiment-v1.1-standard,llm-horizon-v1-default,98.5603,51,1.0,0.028,0.028
2026-03-17,USD,llm-sentiment-v1-haiku,llm-horizon-v1-default,98.5603,102,1.0,0.2601,0.2601
2026-03-18,AUD,keyword-sentiment-v1.1-standard,llm-horizon-v1-default,98.2882,11,1.0,0.1073,0.1073
2026-03-18,AUD,llm-sentiment-v1-haiku,llm-horizon-v1-default,98.2882,16,1.0,0.2344,0.2344
2026-03-18,CAD,keyword-sentiment-v1.1-standard,llm-horizon-v1-default,98.8714,8,1.0,-0.02,-0.02
2026-03-18,CAD,llm-sentiment-v1-haiku,llm-horizon-v1-default,98.8714,16,1.0,-0.0669,-0.0669
2026-03-18,CHF,keyword-sentiment-v1.1-standard,llm-horizon-v1-default,100.3609,2,0.7071,-0.15,-0.1061
2026-03-18,CHF,llm-sentiment-v1-haiku,llm-horizon-v1-default,100.3609,5,1.0,0.178,0.178
2026-03-18,CNY,keyword-sentiment-v1.1-standard,llm-horizon-v1-default,98.7233,7,1.0,-0.0914,-0.0914
2026-03-18,CNY,llm-sentiment-v1-haiku,llm-horizon-v1-default,98.7233,27,1.0,0.0433,0.0433
2026-03-18,EUR,keyword-sentiment-v1.1-standard,llm-horizon-v1-default,101.265,34,1.0,0.0506,0.0506
2026-03-18,EUR,llm-sentiment-v1-haiku,llm-horizon-v1-default,101.265,57,1.0,-0.006,-0.006
2026-03-18,GBP,keyword-sentiment-v1.1-standard,llm-horizon-v1-default,100.082,6,1.0,0.0017,0.0017
2026-03-18,GBP,llm-sentiment-v1-haiku,llm-horizon-v1-default,100.082,8,1.0,0.1013,0.1013
2026-03-18,JPY,keyword-sentiment-v1.1-standard,llm-horizon-v1-default,101.7029,1,0.5,-0.1,-0.05
2026-03-18,JPY,llm-sentiment-v1-haiku,llm-horizon-v1-default,101.7029,2,0.7071,-0.37,-0.2616
2026-03-18,MXN,keyword-sentiment-v1.1-standard,llm-horizon-v1-default,101.3998,1,0.5,0.1,0.05
2026-03-18,MXN,llm-sentiment-v1-haiku,llm-horizon-v1-default,101.3998,1,0.5,0.5,0.25
2026-03-18,NOK,llm-sentiment-v1-haiku,llm-horizon-v1-default,99.1161,1,0.5,0.7,0.35
2026-03-18,SEK,keyword-sentiment-v1.1-standard,llm-horizon-v1-default,101.4956,2,0.7071,-0.01,-0.0071
2026-03-18,SEK,llm-sentiment-v1-haiku,llm-horizon-v1-default,101.4956,3,0.866,0.0567,0.0491
2026-03-18,USD,keyword-sentiment-v1.1-standard,llm-horizon-v1-default,98.9225,45,1.0,0.028,0.028
2026-03-18,USD,llm-sentiment-v1-haiku,llm-horizon-v1-default,98.9225,114,1.0,0.2475,0.2475
2026-03-19,AUD,keyword-sentiment-v1.1-standard,llm-horizon-v1-default,98.6763,8,1.0,0.1025,0.1025
2026-03-19,AUD,llm-sentiment-v1-haiku,llm-horizon-v1-default,98.6763,14,1.0,0.1964,0.1964
2026-03-19,CAD,keyword-sentiment-v1.1-standard,llm-horizon-v1-default,98.5537,8,1.0,-0.02,-0.02
2026-03-19,CAD,llm-sentiment-v1-haiku,llm-horizon-v1-default,98.5537,16,1.0,-0.0669,-0.0669
2026-03-19,CHF,keyword-sentiment-v1.1-standard,llm-horizon-v1-default,100.6532,2,0.7071,-0.15,-0.1061
2026-03-19,CHF,llm-sentiment-v1-haiku,llm-horizon-v1-default,100.6532,5,1.0,0.178,0.178
2026-03-19,CNY,keyword-sentiment-v1.1-standard,llm-horizon-v1-default,98.3882,6,1.0,-0.09,-0.09
2026-03-19,CNY,llm-sentiment-v1-haiku,llm-horizon-v1-default,98.3882,26,1.0,0.0354,0.0354
2026-03-19,EUR,keyword-sentiment-v1.1-standard,llm-horizon-v1-default,101.1996,31,1.0,0.0458,0.0458
2026-03-19,EUR,llm-sentiment-v1-haiku,llm-horizon-v1-default,101.1996,52,1.0,-0.0142,-0.0142
2026-03-19,GBP,keyword-sentiment-v1.1-standard,llm-horizon-v1-default,100.0798,5,1.0,0.022,0.022
2026-03-19,GBP,llm-sentiment-v1-haiku,llm-horizon-v1-default,100.0798,7,1.0,0.0443,0.0443
2026-03-19,JPY,keyword-sentiment-v1.1-standard,llm-horizon-v1-default,101.6436,1,0.5,-0.1,-0.05
2026-03-19,JPY,llm-sentiment-v1-haiku,llm-horizon-v1-default,101.6436,2,0.7071,-0.37,-0.2616
2026-03-19,MXN,keyword-sentiment-v1.1-standard,llm-horizon-v1-default,101.8621,1,0.5,0.1,0.05
2026-03-19,MXN,llm-sentiment-v1-haiku,llm-horizon-v1-default,101.8621,1,0.5,0.5,0.25
2026-03-19,NOK,llm-sentiment-v1-haiku,llm-horizon-v1-default,98.551,1,0.5,0.7,0.35
2026-03-19,SEK,keyword-sentiment-v1.1-standard,llm-horizon-v1-default,102.2411,2,0.7071,-0.01,-0.0071
2026-03-19,SEK,llm-sentiment-v1-haiku,llm-horizon-v1-default,102.2411,3,0.866,0.0567,0.0491
2026-03-19,USD,keyword-sentiment-v1.1-standard,llm-horizon-v1-default,98.4223,41,1.0,0.0478,0.0478
2026-03-19,USD,llm-sentiment-v1-haiku,llm-horizon-v1-default,98.4223,109,1.0,0.2552,0.2552
2026-03-20,AUD,keyword-sentiment-v1.1-standard,llm-horizon-v1-default,98.6415,8,1.0,0.1025,0.1025
2026-03-20,AUD,llm-sentiment-v1-haiku,llm-horizon-v1-default,98.6415,13,1.0,0.1731,0.1731
2026-03-20,CAD,keyword-sentiment-v1.1-standard,llm-horizon-v1-default,99.1433,4,1.0,-0.15,-0.15
2026-03-20,CAD,llm-sentiment-v1-haiku,llm-horizon-v1-default,99.1433,16,1.0,-0.0669,-0.0669
2026-03-20,CHF,keyword-sentiment-v1.1-standard,llm-horizon-v1-default,100.8422,2,0.7071,-0.15,-0.1061
2026-03-20,CHF,llm-sentiment-v1-haiku,llm-horizon-v1-default,100.8422,4,1.0,0.0475,0.0475
2026-03-20,CNY,keyword-sentiment-v1.1-standard,llm-horizon-v1-default,98.8414,5,1.0,-0.124,-0.124
2026-03-20,CNY,llm-sentiment-v1-haiku,llm-horizon-v1-default,98.8414,26,1.0,0.0354,0.0354
2026-03-20,EUR,keyword-sentiment-v1.1-standard,llm-horizon-v1-default,100.9882,18,1.0,0.0906,0.0906
2026-03-20,EUR,llm-sentiment-v1-haiku,llm-horizon-v1-default,100.9882,43,1.0,-0.0149,-0.0149
2026-03-20,GBP,keyword-sentiment-v1.1-standard,llm-horizon-v1-default,99.6233,5,1.0,0.028,0.028
2026-03-20,GBP,llm-sentiment-v1-haiku,llm-horizon-v1-default,99.6233,7,1.0,0.1029,0.1029
2026-03-20,JPY,llm-sentiment-v1-haiku,llm-horizon-v1-default,101.2608,2,0.7071,-0.37,-0.2616
2026-03-20,MXN,keyword-sentiment-v1.1-standard,llm-horizon-v1-default,102.0725,1,0.5,0.1,0.05
2026-03-20,MXN,llm-sentiment-v1-haiku,llm-horizon-v1-default,102.0725,1,0.5,0.5,0.25
2026-03-20,NOK,llm-sentiment-v1-haiku,llm-horizon-v1-default,98.2089,1,0.5,0.7,0.35
2026-03-20,SEK,keyword-sentiment-v1.1-standard,llm-horizon-v1-default,101.6914,2,0.7071,-0.01,-0.0071
2026-03-20,SEK,llm-sentiment-v1-haiku,llm-horizon-v1-default,101.6914,3,0.866,0.0567,0.0491
2026-03-20,USD,keyword-sentiment-v1.1-standard,llm-horizon-v1-default,98.9389,37,1.0,0.0438,0.0438
2026-03-20,USD,llm-sentiment-v1-haiku,llm-horizon-v1-default,98.9389,95,1.0,0.2508,0.2508
2026-03-21,AUD,keyword-sentiment-v1.1-standard,llm-horizon-v1-default,99.2771,7,1.0,0.0829,0.0829
2026-03-21,AUD,llm-sentiment-v1-haiku,llm-horizon-v1-default,99.2771,13,1.0,0.2008,0.2008
2026-03-21,CAD,keyword-sentiment-v1.1-standard,llm-horizon-v1-default,98.7558,6,1.0,-0.07,-0.07
2026-03-21,CAD,llm-sentiment-v1-haiku,llm-horizon-v1-default,98.7558,16,1.0,-0.02,-0.02
2026-03-21,CHF,keyword-sentiment-v1.1-standard,llm-horizon-v1-default,100.3871,1,0.5,-0.1,-0.05
2026-03-21,CHF,llm-sentiment-v1-haiku,llm-horizon-v1-default,100.3871,3,0.866,0.1833,0.1588
2026-03-21,CNY,keyword-sentiment-v1.1-standard,llm-horizon-v1-default,98.4053,6,1.0,-0.09,-0.09
2026-03-21,CNY,llm-sentiment-v1-haiku,llm-horizon-v1-default,98.4053,28,1.0,0.0364,0.0364
2026-03-21,EUR,keyword-sentiment-v1.1-standard,llm-horizon-v1-default,100.3707,25,1.0,0.0968,0.0968
2026-03-21,EUR,llm-sentiment-v1-haiku,llm-horizon-v1-default,100.3707,36,1.0,0.0672,0.0672
2026-03-21,GBP,keyword-sentiment-v1.1-standard,llm-horizon-v1-default,99.8222,7,1.0,0.0357,0.0357
2026-03-21,GBP,llm-sentiment-v1-haiku,llm-horizon-v1-default,99.8222,8,1.0,0.04,0.04
2026-03-21,JPY,llm-sentiment-v1-haiku,llm-horizon-v1-default,101.555,2,0.7071,-0.37,-0.2616
2026-03-21,MXN,keyword-sentiment-v1.1-standard,llm-horizon-v1-default,102.6401,1,0.5,0.08,0.04
2026-03-21,MXN,llm-sentiment-v1-haiku,llm-horizon-v1-default,102.6401,2,0.7071,0.4,0.2828
2026-03-21,NOK,llm-sentiment-v1-haiku,llm-horizon-v1-default,98.5948,1,0.5,0.7,0.35
2026-03-21,SEK,keyword-sentiment-v1.1-standard,llm-horizon-v1-default,101.897,2,0.7071,-0.01,-0.0071
2026-03-21,SEK,llm-sentiment-v1-haiku,llm-horizon-v1-default,101.897,3,0.866,0.0567,0.0491
2026-03-21,USD,keyword-sentiment-v1.1-standard,llm-horizon-v1-default,98.5721,58,1.0,0.0357,0.0357
2026-03-21,USD,llm-sentiment-v1-haiku,llm-horizon-v1-default,98.5721,106,1.0,0.1868,0.1868
2026-03-22,AUD,keyword-sentiment-v1.1-standard,llm-horizon-v1-default,99.2057,7,1.0,0.0829,0.0829
2026-03-22,AUD,llm-sentiment-v1-haiku,llm-horizon-v1-default,99.2057,13,1.0,0.2008,0.2008
2026-03-22,CAD,keyword-sentiment-v1.1-standard,llm-horizon-v1-default,98.7297,5,1.0,-0.008,-0.008
2026-03-22,CAD,llm-sentiment-v1-haiku,llm-horizon-v1-default,98.7297,14,1.0,0.0307,0.0307
2026-03-22,CHF,keyword-sentiment-v1.1-standard,llm-horizon-v1-default,100.3812,1,0.5,-0.1,-0.05
2026-03-22,CHF,llm-sentiment-v1-haiku,llm-horizon-v1-default,100.3812,2,0.7071,0.075,0.053
2026-03-22,CNY,keyword-sentiment-v1.1-standard,llm-horizon-v1-default,98.3944,5,1.0,-0.068,-0.068
2026-03-22,CNY,llm-sentiment-v1-haiku,llm-horizon-v1-default,98.3944,26,1.0,0.0681,0.0681
2026-03-22,EUR,keyword-sentiment-v1.1-standard,llm-horizon-v1-default,100.3817,25,1.0,0.0968,0.0968
2026-03-22,EUR,llm-sentiment-v1-haiku,llm-horizon-v1-default,100.3817,36,1.0,0.1339,0.1339
2026-03-22,GBP,keyword-sentiment-v1.1-standard,llm-horizon-v1-default,99.8682,7,1.0,0.0357,0.0357
2026-03-22,GBP,llm-sentiment-v1-haiku,llm-horizon-v1-default,99.8682,8,1.0,0.04,0.04
2026-03-22,JPY,llm-sentiment-v1-haiku,llm-horizon-v1-default,101.5696,2,0.7071,-0.37,-0.2616
2026-03-22,MXN,keyword-sentiment-v1.1-standard,llm-horizon-v1-default,102.6693,1,0.5,0.08,0.04
2026-03-22,MXN,llm-sentiment-v1-haiku,llm-horizon-v1-default,102.6693,2,0.7071,0.4,0.2828
2026-03-22,NOK,llm-sentiment-v1-haiku,llm-horizon-v1-default,98.5873,1,0.5,0.7,0.35
2026-03-22,SEK,keyword-sentiment-v1.1-standard,llm-horizon-v1-default,101.9022,2,0.7071,-0.01,-0.0071
2026-03-22,SEK,llm-sentiment-v1-haiku,llm-horizon-v1-default,101.9022,3,0.866,0.0567,0.0491
2026-03-22,USD,keyword-sentiment-v1.1-standard,llm-horizon-v1-default,98.5872,56,1.0,0.0425,0.0425
2026-03-22,USD,llm-sentiment-v1-haiku,llm-horizon-v1-default,98.5872,96,1.0,0.1571,0.1571
2026-03-23,AUD,keyword-sentiment-v1.1-standard,llm-horizon-v1-default,99.6189,5,1.0,0.016,0.016
2026-03-23,AUD,llm-sentiment-v1-haiku,llm-horizon-v1-default,99.6189,13,1.0,0.2392,0.2392
2026-03-23,CAD,keyword-sentiment-v1.1-standard,llm-horizon-v1-default,98.3917,5,1.0,-0.008,-0.008
2026-03-23,CAD,llm-sentiment-v1-haiku,llm-horizon-v1-default,98.3917,14,1.0,0.0307,0.0307
2026-03-23,CHF,keyword-sentiment-v1.1-standard,llm-horizon-v1-default,100.2549,1,0.5,-0.1,-0.05
2026-03-23,CHF,llm-sentiment-v1-haiku,llm-horizon-v1-default,100.2549,2,0.7071,0.075,0.053
2026-03-23,CNY,keyword-sentiment-v1.1-standard,llm-horizon-v1-default,98.5587,5,1.0,-0.068,-0.068
2026-03-23,CNY,llm-sentiment-v1-haiku,llm-horizon-v1-default,98.5587,26,1.0,0.0681,0.0681
2026-03-23,EUR,keyword-sentiment-v1.1-standard,llm-horizon-v1-default,100.5377,27,1.0,0.1048,0.1048
2026-03-23,EUR,llm-sentiment-v1-haiku,llm-horizon-v1-default,100.5377,47,1.0,0.1538,0.1538
2026-03-23,GBP,keyword-sentiment-v1.1-standard,llm-horizon-v1-default,99.7569,10,1.0,0.031,0.031
2026-03-23,GBP,llm-sentiment-v1-haiku,llm-horizon-v1-default,99.7569,11,1.0,0.0809,0.0809
2026-03-23,JPY,llm-sentiment-v1-haiku,llm-horizon-v1-default,101.5208,2,0.7071,-0.37,-0.2616
2026-03-23,MXN,keyword-sentiment-v1.1-standard,llm-horizon-v1-default,102.824,1,0.5,0.08,0.04
2026-03-23,MXN,llm-sentiment-v1-haiku,llm-horizon-v1-default,102.824,2,0.7071,0.4,0.2828
2026-03-23,NOK,llm-sentiment-v1-haiku,llm-horizon-v1-default,98.5832,1,0.5,0.7,0.35
2026-03-23,SEK,keyword-sentiment-v1.1-standard,llm-horizon-v1-default,101.9216,2,0.7071,-0.01,-0.0071
2026-03-23,SEK,llm-sentiment-v1-haiku,llm-horizon-v1-default,101.9216,3,0.866,0.0567,0.0491
2026-03-23,USD,keyword-sentiment-v1.1-standard,llm-horizon-v1-default,98.319,66,1.0,0.0498,0.0498
2026-03-23,USD,llm-sentiment-v1-haiku,llm-horizon-v1-default,98.319,103,1.0,0.2009,0.2009
2026-03-24,AUD,keyword-sentiment-v1.1-standard,llm-horizon-v1-default,99.7556,11,1.0,-0.0636,-0.0636
2026-03-24,AUD,llm-sentiment-v1-haiku,llm-horizon-v1-default,99.7556,18,1.0,0.065,0.065
2026-03-24,CAD,keyword-sentiment-v1.1-standard,llm-horizon-v1-default,98.747,4,1.0,0.015,0.015
2026-03-24,CAD,llm-sentiment-v1-haiku,llm-horizon-v1-default,98.747,12,1.0,0.0958,0.0958
2026-03-24,CHF,keyword-sentiment-v1.1-standard,llm-horizon-v1-default,100.1593,1,0.5,-0.3,-0.15
2026-03-24,CHF,llm-sentiment-v1-haiku,llm-horizon-v1-default,100.1593,2,0.7071,0.125,0.0884
2026-03-24,CNY,keyword-sentiment-v1.1-standard,llm-horizon-v1-default,98.3297,5,1.0,-0.068,-0.068
2026-03-24,CNY,llm-sentiment-v1-haiku,llm-horizon-v1-default,98.3297,25,1.0,0.0988,0.0988
2026-03-24,EUR,keyword-sentiment-v1.1-standard,llm-horizon-v1-default,100.1877,35,1.0,0.0751,0.0751
2026-03-24,EUR,llm-sentiment-v1-haiku,llm-horizon-v1-default,100.1877,52,1.0,0.1946,0.1946
2026-03-24,GBP,keyword-sentiment-v1.1-standard,llm-horizon-v1-default,99.123,10,1.0,0.081,0.081
2026-03-24,GBP,llm-sentiment-v1-haiku,llm-horizon-v1-default,99.123,10,1.0,0.354,0.354
2026-03-24,JPY,keyword-sentiment-v1.1-standard,llm-horizon-v1-default,100.9107,5,1.0,-0.016,-0.016
2026-03-24,JPY,llm-sentiment-v1-haiku,llm-horizon-v1-default,100.9107,5,1.0,-0.232,-0.232
2026-03-24,MXN,keyword-sentiment-v1.1-standard,llm-horizon-v1-default,102.089,1,0.5,0.08,0.04
2026-03-24,MXN,llm-sentiment-v1-haiku,llm-horizon-v1-default,102.089,2,0.7071,0.4,0.2828
2026-03-24,SEK,keyword-sentiment-v1.1-standard,llm-horizon-v1-default,101.9886,2,0.7071,-0.01,-0.0071
2026-03-24,SEK,llm-sentiment-v1-haiku,llm-horizon-v1-default,101.9886,3,0.866,0.0567,0.0491
2026-03-24,USD,keyword-sentiment-v1.1-standard,llm-horizon-v1-default,98.3824,78,1.0,0.0509,0.0509
2026-03-24,USD,llm-sentiment-v1-haiku,llm-horizon-v1-default,98.3824,106,1.0,0.1791,0.1791
