date,source,url,currency,title,article_download_date,generator_id,estimator_id,time_horizon,horizon_days,valid_to_date,predicted_direction,predicted_magnitude,confidence,signal,start_index,end_index,actual_pct_change,actual_direction,realized,realization_status
2026-03-10,,https://investinglive.com/news/china-says-it-expects-to-hold-trade-talks-with-the-us-in-the-near-future-20260224/,CNY,China says it expects to hold trade talks with the US in the near future,2026-02-24,keyword-sentiment-v1.1,llm-horizon-v1-default,2week,14,2026-03-10,bullish,small,0.9,0.36,100.0,96.5972,-3.4,bearish,False,contradicted
2026-03-10,,https://investinglive.com/news/china-adds-20-japanese-firms-to-export-control-list-tightening-dual-use-trade-20260224/,CNY,"China adds 20 Japanese firms to export control list, tightening dual-use trade",2026-02-24,keyword-sentiment-v1.1,llm-horizon-v1-default,2week,14,2026-03-10,bullish,small,0.9,0.36,100.0,96.5972,-3.4,bearish,False,contradicted
2026-03-10,,https://investinglive.com/news/china-says-it-expects-to-hold-trade-talks-with-the-us-in-the-near-future-20260224/,CNY,China says it expects to hold trade talks with the US in the near future,2026-02-24,llm-sentiment-v1,llm-horizon-v1-default,2week,14,2026-03-10,bullish,medium,0.8,0.56,100.0,96.5972,-3.4,bearish,False,contradicted
2026-03-10,,https://investinglive.com/news/china-adds-20-japanese-firms-to-export-control-list-tightening-dual-use-trade-20260224/,CNY,"China adds 20 Japanese firms to export control list, tightening dual-use trade",2026-02-24,llm-sentiment-v1,llm-horizon-v1-default,2week,14,2026-03-10,bearish,medium,0.8,0.56,100.0,96.5972,-3.4,bearish,True,realized
2026-03-10,,https://www.fxstreet.com/news/china-ai-strategy-deepens-global-tech-rivalry-bnp-paribas-202602242056,CNY,China: AI strategy deepens global tech rivalry – BNP Paribas,2026-02-24,llm-sentiment-v1,llm-horizon-v1-default,1month,30,2026-03-26,bullish,medium,0.7,0.49,100.0,96.5972,-3.4,bearish,False,contradicted
2026-03-10,,https://financialpost.com/fp-finance/omers-stock-gains-offset-losses-pe-us-dollar,USD,"OMERS earns 6% as stock gains offset losses from private equity, U.S. dollar",2026-02-24,keyword-sentiment-v1.1,llm-horizon-v1-default,1month,30,2026-03-26,bullish,small,0.9,0.36,100.0,95.9838,-4.02,bearish,False,contradicted
2026-03-10,,https://www.fxstreet.com/news/usd-squeeze-risk-on-geopolitical-escalation-ocbc-202602241431,USD,USD: Squeeze risk on geopolitical escalation – OCBC,2026-02-24,llm-sentiment-v1,llm-horizon-v1-default,2week,14,2026-03-10,bearish,medium,0.8,0.56,100.0,95.9838,-4.02,bearish,True,realized
2026-03-10,,https://financialpost.com/pmn/business-pmn/omers-earns-6-as-stock-gains-offset-losses-from-pe-us-dollar,USD,"Omers Earns 6% as Stock Gains Offset Losses From PE, US Dollar",2026-02-24,llm-sentiment-v1,llm-horizon-v1-default,1month,30,2026-03-26,bearish,medium,0.8,0.56,100.0,95.9838,-4.02,bearish,True,realized
2026-03-10,,https://financialpost.com/fp-finance/omers-stock-gains-offset-losses-pe-us-dollar,USD,"OMERS earns 6% as stock gains offset losses from private equity, U.S. dollar",2026-02-24,llm-sentiment-v1,llm-horizon-v1-default,1month,30,2026-03-26,bearish,small,0.7,0.28,100.0,95.9838,-4.02,bearish,True,realized
2026-03-10,,https://finance.yahoo.com/news/walmart-dollar-stores-beat-traditional-133039370.html,USD,"Walmart, Dollar Stores Beat Traditional Grocers' Reach As Affordability Crunch Intensifies, Report Finds",2026-02-24,llm-sentiment-v1,llm-horizon-v1-default,1month,30,2026-03-26,bearish,medium,0.7,0.49,100.0,95.9838,-4.02,bearish,True,realized
2026-03-10,,https://www.fxstreet.com/news/european-gas-weather-relief-but-new-risks-commerzbank-202602241506,EUR,European gas: Weather relief but new risks – Commerzbank,2026-02-24,keyword-sentiment-v1.1,llm-horizon-v1-default,2week,14,2026-03-10,bearish,small,0.9,0.36,100.0,102.9847,2.98,bullish,False,contradicted
2026-03-10,,https://investinglive.com/news/european-parliament-postpones-vote-on-eu-us-trade-deal-report-20260223/,EUR,European Parliament postpones vote on EU-US trade deal - report,2026-02-24,llm-sentiment-v1,llm-horizon-v1-default,2week,14,2026-03-10,bearish,medium,0.8,0.56,100.0,102.9847,2.98,bullish,False,contradicted
2026-03-10,,https://www.fxstreet.com/news/european-gas-weather-relief-but-new-risks-commerzbank-202602241506,EUR,European gas: Weather relief but new risks – Commerzbank,2026-02-24,llm-sentiment-v1,llm-horizon-v1-default,2week,14,2026-03-10,bullish,small,0.7,0.28,100.0,102.9847,2.98,bullish,True,realized
2026-03-10,,https://www.fxstreet.com/news/china-inflation-and-trade-data-support-modest-recovery-ing-202603062227,CNY,China: Inflation and trade data support modest recovery – ING,2026-03-07,keyword-sentiment-v1.1,llm-horizon-v1-default,3day,3,2026-03-10,bullish,small,0.9,0.36,99.1067,96.5972,-2.53,bearish,False,contradicted
2026-03-10,,https://www.fxstreet.com/news/china-inflation-and-trade-data-signal-firmer-cycle-abn-amro-202603061742,CNY,China: Inflation and trade data signal firmer cycle – ABN AMRO,2026-03-07,keyword-sentiment-v1.1,llm-horizon-v1-default,3day,3,2026-03-10,bullish,small,0.75,0.3,99.1067,96.5972,-2.53,bearish,False,contradicted
2026-03-10,,https://investinglive.com/news/china-continues-the-gold-buying-spree-as-reserves-climb-for-a-16th-straight-month-20260307/,CNY,China's gold buying spree continues as reserves climb for a 16th straight month,2026-03-07,llm-sentiment-v1,llm-horizon-v1-default,1month,30,2026-04-06,bullish,medium,0.8,0.56,99.1067,96.5972,-2.53,bearish,False,contradicted
2026-03-10,,https://www.fxstreet.com/news/china-inflation-and-trade-data-support-modest-recovery-ing-202603062227,CNY,China: Inflation and trade data support modest recovery – ING,2026-03-07,llm-sentiment-v1,llm-horizon-v1-default,3day,3,2026-03-10,bullish,small,0.7,0.28,99.1067,96.5972,-2.53,bearish,False,contradicted
2026-03-10,,https://www.fxstreet.com/news/cny-flows-diverge-as-safe-haven-doubts-grow-bny-202603061958,CNY,CNY: Flows diverge as safe haven doubts grow – BNY,2026-03-07,llm-sentiment-v1,llm-horizon-v1-default,1week,7,2026-03-14,bearish,medium,0.8,0.56,99.1067,96.5972,-2.53,bearish,True,realized
2026-03-10,,https://www.fxstreet.com/news/china-inflation-and-trade-data-signal-firmer-cycle-abn-amro-202603061742,CNY,China: Inflation and trade data signal firmer cycle – ABN AMRO,2026-03-07,llm-sentiment-v1,llm-horizon-v1-default,3day,3,2026-03-10,bullish,medium,0.7,0.49,99.1067,96.5972,-2.53,bearish,False,contradicted
2026-03-10,,https://finance.yahoo.com/news/china-deepen-reform-shenzhens-chinext-103154946.html,CNY,"China to deepen reform of Shenzhen's ChiNext board, regulator says",2026-03-07,llm-sentiment-v1,llm-horizon-v1-default,2week,14,2026-03-21,bullish,medium,0.7,0.49,99.1067,96.5972,-2.53,bearish,False,contradicted
2026-03-10,,https://www.fxstreet.com/news/usd-cnh-upside-risks-as-strong-fix-meets-usd-demand-ocbc-202603062134,USD,USD/CNH: Upside risks as strong fix meets USD demand – OCBC,2026-03-07,keyword-sentiment-v1.1,llm-horizon-v1-default,1week,7,2026-03-14,bullish,medium,0.9,0.63,99.0233,95.9838,-3.07,bearish,False,contradicted
2026-03-10,,https://www.fxstreet.com/news/feds-hammack-inflation-problem-is-broader-than-just-tariffs-202603061954,USD,Fed’s Hammack: Inflation problem is broader than just tariffs,2026-03-07,keyword-sentiment-v1.1,llm-horizon-v1-default,1week,7,2026-03-14,bearish,small,0.9,0.36,99.0233,95.9838,-3.07,bearish,True,realized
2026-03-10,,https://www.fxstreet.com/news/usd-myr-consolidation-near-highs-with-upside-risks-ocbc-202603061917,USD,USD/MYR: Consolidation near highs with upside risks – OCBC,2026-03-07,keyword-sentiment-v1.1,llm-horizon-v1-default,1week,7,2026-03-14,bullish,small,0.9,0.36,99.0233,95.9838,-3.07,bearish,False,contradicted
2026-03-10,,https://www.fxstreet.com/news/forecasting-the-upcoming-week-middle-east-war-boosts-oil-nfp-miss-shakes-us-dollar-202603061842,USD,"Forecasting the upcoming week: Middle East war boosts Oil, NFP miss shakes US Dollar",2026-03-07,keyword-sentiment-v1.1,llm-horizon-v1-default,2week,14,2026-03-21,bullish,small,0.9,0.36,99.0233,95.9838,-3.07,bearish,False,contradicted
2026-03-10,,https://www.fxstreet.com/news/crude-oil-explodes-higher-as-strait-of-hormuz-crisis-deepens-202603061830,USD,Crude Oil explodes higher as Strait of Hormuz crisis deepens,2026-03-07,keyword-sentiment-v1.1,llm-horizon-v1-default,1week,7,2026-03-14,bullish,small,0.9,0.36,99.0233,95.9838,-3.07,bearish,False,contradicted
2026-03-10,,https://www.fxstreet.com/news/feds-miran-fed-typically-does-not-respond-to-oil-prices-202603061749,USD,Fed’s Miran: Fed typically does not respond to oil prices,2026-03-07,keyword-sentiment-v1.1,llm-horizon-v1-default,1week,7,2026-03-14,bearish,small,0.9,0.36,99.0233,95.9838,-3.07,bearish,True,realized
2026-03-10,,https://www.fxstreet.com/news/gold-price-surges-after-weak-us-payrolls-shake-us-dollar-202603061735,USD,Gold price surges after weak US payrolls shake US Dollar,2026-03-07,keyword-sentiment-v1.1,llm-horizon-v1-default,3day,3,2026-03-10,bullish,medium,0.9,0.63,99.0233,95.9838,-3.07,bearish,False,contradicted
2026-03-10,,https://www.fxstreet.com/news/usd-chf-dips-on-us-job-contraction-geopolitical-tensions-202603061728,USD,"USD/CHF dips on US job contraction, geopolitical tensions",2026-03-07,keyword-sentiment-v1.1,llm-horizon-v1-default,3day,3,2026-03-10,bearish,small,0.9,0.36,99.0233,95.9838,-3.07,bearish,True,realized
2026-03-10,,https://www.fxstreet.com/news/aud-usd-advances-on-us-employment-contraction-rba-rate-hike-outlook-202603061634,USD,"AUD/USD advances on US employment contraction, RBA rate hike outlook",2026-03-07,keyword-sentiment-v1.1,llm-horizon-v1-default,3day,3,2026-03-10,bearish,small,0.9,0.36,99.0233,95.9838,-3.07,bearish,True,realized
2026-03-10,,https://www.fxstreet.com/news/gold-slips-despite-escalating-us-iran-conflict-as-dollar-strengthens-202603061223,USD,Gold steadies after soft US jobs data but heads for weekly loss,2026-03-07,keyword-sentiment-v1.1,llm-horizon-v1-default,3day,3,2026-03-10,bearish,medium,0.9,0.63,99.0233,95.9838,-3.07,bearish,True,realized
2026-03-10,,https://www.fxstreet.com/news/usd-jpy-poised-to-test-15800-despite-weak-us-jobs-data-202603061525,USD,USD/JPY poised to test 158.00 despite weak US jobs data,2026-03-07,keyword-sentiment-v1.1,llm-horizon-v1-default,3day,3,2026-03-10,bearish,small,0.9,0.36,99.0233,95.9838,-3.07,bearish,True,realized
2026-03-10,,https://www.fxstreet.com/news/gbp-usd-weakens-despite-soft-us-jobs-data-202603061458,USD,GBP/USD trades flat despite soft US jobs data,2026-03-07,keyword-sentiment-v1.1,llm-horizon-v1-default,3day,3,2026-03-10,bullish,medium,0.9,0.63,99.0233,95.9838,-3.07,bearish,False,contradicted
2026-03-10,,https://www.fxstreet.com/news/fed-wait-and-see-stance-after-weak-jobs-commerzbank-202603061442,USD,Fed: Wait-and-see stance after weak jobs – Commerzbank,2026-03-07,keyword-sentiment-v1.1,llm-horizon-v1-default,3day,3,2026-03-10,bearish,small,0.9,0.36,99.0233,95.9838,-3.07,bearish,True,realized
2026-03-10,,https://www.fxstreet.com/news/feds-daly-both-goals-are-risks-now-202603061424,USD,Fed’s Daly: Both goals are risks now,2026-03-07,keyword-sentiment-v1.1,llm-horizon-v1-default,1week,7,2026-03-14,bearish,small,0.75,0.3,99.0233,95.9838,-3.07,bearish,True,realized
2026-03-10,,https://www.marketwatch.com/story/i-find-this-very-worrying-a-friends-home-fell-into-foreclosure-what-on-earth-is-going-on-6ca57472?mod=mw_rss_topstories,USD,‘I find this very worrying’: A friend’s home fell into foreclosure. What on earth is going on?,2026-03-07,keyword-sentiment-v1.1,llm-horizon-v1-default,1week,7,2026-03-14,bullish,small,0.9,0.36,99.0233,95.9838,-3.07,bearish,False,contradicted
2026-03-10,,https://www.fxstreet.com/news/forex-today-us-dollar-firms-ahead-of-nfp-oil-surges-amid-middle-east-war-202603051952,USD,"Forex Today: US Dollar firms ahead of NFP, Oil surges amid Middle East war",2026-03-07,keyword-sentiment-v1.1,llm-horizon-v1-default,3day,3,2026-03-10,bullish,medium,0.9,0.63,99.0233,95.9838,-3.07,bearish,False,contradicted
2026-03-10,,https://www.thehindubusinessline.com/markets/forex/rupee-makes-smart-recovery-from-previous-days-lows/article70708354.ece,USD,Rupee makes smart recovery from previous days lows,2026-03-07,keyword-sentiment-v1.1,llm-horizon-v1-default,3day,3,2026-03-10,bullish,small,0.9,0.36,99.0233,95.9838,-3.07,bearish,False,contradicted
2026-03-10,,https://investinglive.com/news/atlanta-fed-gdpnow-q1-estimate-21-versus-32-previously-20260306/,USD,Atlanta Fed GDPNow Q1 estimate 2.1% versus 3.2% previously,2026-03-07,llm-sentiment-v1,llm-horizon-v1-default,3day,3,2026-03-10,bearish,medium,0.8,0.56,99.0233,95.9838,-3.07,bearish,True,realized
2026-03-10,,https://www.fxstreet.com/news/usd-cnh-upside-risks-as-strong-fix-meets-usd-demand-ocbc-202603062134,USD,USD/CNH: Upside risks as strong fix meets USD demand – OCBC,2026-03-07,llm-sentiment-v1,llm-horizon-v1-default,1week,7,2026-03-14,bullish,medium,0.8,0.56,99.0233,95.9838,-3.07,bearish,False,contradicted
2026-03-10,,https://www.fxstreet.com/news/feds-hammack-inflation-problem-is-broader-than-just-tariffs-202603061954,USD,Fed’s Hammack: Inflation problem is broader than just tariffs,2026-03-07,llm-sentiment-v1,llm-horizon-v1-default,1week,7,2026-03-14,bearish,medium,0.8,0.56,99.0233,95.9838,-3.07,bearish,True,realized
2026-03-10,,https://www.fxstreet.com/news/usd-myr-consolidation-near-highs-with-upside-risks-ocbc-202603061917,USD,USD/MYR: Consolidation near highs with upside risks – OCBC,2026-03-07,llm-sentiment-v1,llm-horizon-v1-default,1week,7,2026-03-14,bullish,medium,0.8,0.56,99.0233,95.9838,-3.07,bearish,False,contradicted
2026-03-10,,https://www.fxstreet.com/news/forecasting-the-upcoming-week-middle-east-war-boosts-oil-nfp-miss-shakes-us-dollar-202603061842,USD,"Forecasting the upcoming week: Middle East war boosts Oil, NFP miss shakes US Dollar",2026-03-07,llm-sentiment-v1,llm-horizon-v1-default,2week,14,2026-03-21,bearish,medium,0.8,0.56,99.0233,95.9838,-3.07,bearish,True,realized
2026-03-10,,https://www.fxstreet.com/news/silver-price-forecast-xag-usd-range-bound-as-rsi-holds-near-50-and-macd-flattens-202603061834,USD,Silver Price Forecast: XAG/USD range-bound as RSI holds near 50 and MACD flattens,2026-03-07,llm-sentiment-v1,llm-horizon-v1-default,3day,3,2026-03-10,bullish,small,0.7,0.28,99.0233,95.9838,-3.07,bearish,False,contradicted
2026-03-10,,https://www.fxstreet.com/news/crude-oil-explodes-higher-as-strait-of-hormuz-crisis-deepens-202603061830,USD,Crude Oil explodes higher as Strait of Hormuz crisis deepens,2026-03-07,llm-sentiment-v1,llm-horizon-v1-default,1week,7,2026-03-14,bearish,medium,0.8,0.56,99.0233,95.9838,-3.07,bearish,True,realized
2026-03-10,,https://www.fxstreet.com/news/nzd-usd-price-forecast-hold-above-200-day-sma-kiwi-approaches-05900-202603061804,USD,"NZD/USD Price Forecast: Hold above 200-day SMA, Kiwi approaches 0.5900",2026-03-07,llm-sentiment-v1,llm-horizon-v1-default,3day,3,2026-03-10,bullish,small,0.7,0.28,99.0233,95.9838,-3.07,bearish,False,contradicted
2026-03-10,,https://www.fxstreet.com/news/feds-miran-fed-typically-does-not-respond-to-oil-prices-202603061749,USD,Fed’s Miran: Fed typically does not respond to oil prices,2026-03-07,llm-sentiment-v1,llm-horizon-v1-default,1week,7,2026-03-14,bearish,medium,0.8,0.56,99.0233,95.9838,-3.07,bearish,True,realized
2026-03-10,,https://www.fxstreet.com/news/usd-cad-dips-as-weak-us-nfp-data-and-rising-oil-prices-strengthen-loonie-202603061741,USD,USD/CAD dips as weak US NFP data and rising Oil prices strengthen Loonie,2026-03-07,llm-sentiment-v1,llm-horizon-v1-default,3day,3,2026-03-10,bearish,medium,0.8,0.56,99.0233,95.9838,-3.07,bearish,True,realized
2026-03-10,,https://www.fxstreet.com/news/gold-price-surges-after-weak-us-payrolls-shake-us-dollar-202603061735,USD,Gold price surges after weak US payrolls shake US Dollar,2026-03-07,llm-sentiment-v1,llm-horizon-v1-default,3day,3,2026-03-10,bearish,medium,0.8,0.56,99.0233,95.9838,-3.07,bearish,True,realized
2026-03-10,,https://www.fxstreet.com/news/usd-chf-dips-on-us-job-contraction-geopolitical-tensions-202603061728,USD,"USD/CHF dips on US job contraction, geopolitical tensions",2026-03-07,llm-sentiment-v1,llm-horizon-v1-default,3day,3,2026-03-10,bearish,medium,0.8,0.56,99.0233,95.9838,-3.07,bearish,True,realized
2026-03-10,,https://www.fxstreet.com/news/aud-usd-advances-on-us-employment-contraction-rba-rate-hike-outlook-202603061634,USD,"AUD/USD advances on US employment contraction, RBA rate hike outlook",2026-03-07,llm-sentiment-v1,llm-horizon-v1-default,3day,3,2026-03-10,bullish,medium,0.8,0.56,99.0233,95.9838,-3.07,bearish,False,contradicted
2026-03-10,,https://www.fxstreet.com/news/gold-slips-despite-escalating-us-iran-conflict-as-dollar-strengthens-202603061223,USD,Gold steadies after soft US jobs data but heads for weekly loss,2026-03-07,llm-sentiment-v1,llm-horizon-v1-default,3day,3,2026-03-10,bearish,medium,0.8,0.56,99.0233,95.9838,-3.07,bearish,True,realized
2026-03-10,,https://www.fxstreet.com/news/usd-jpy-poised-to-test-15800-despite-weak-us-jobs-data-202603061525,USD,USD/JPY poised to test 158.00 despite weak US jobs data,2026-03-07,llm-sentiment-v1,llm-horizon-v1-default,3day,3,2026-03-10,bullish,medium,0.8,0.56,99.0233,95.9838,-3.07,bearish,False,contradicted
2026-03-10,,https://www.fxstreet.com/news/usd-fed-cuts-repriced-on-higher-inflation-ing-202603061459,USD,USD: Fed cuts repriced on higher inflation – ING,2026-03-07,llm-sentiment-v1,llm-horizon-v1-default,1week,7,2026-03-14,bearish,medium,0.8,0.56,99.0233,95.9838,-3.07,bearish,True,realized
2026-03-10,,https://www.fxstreet.com/news/gbp-usd-weakens-despite-soft-us-jobs-data-202603061458,USD,GBP/USD trades flat despite soft US jobs data,2026-03-07,llm-sentiment-v1,llm-horizon-v1-default,3day,3,2026-03-10,bullish,small,0.7,0.28,99.0233,95.9838,-3.07,bearish,False,contradicted
2026-03-10,,https://www.fxstreet.com/news/fed-wait-and-see-stance-after-weak-jobs-commerzbank-202603061442,USD,Fed: Wait-and-see stance after weak jobs – Commerzbank,2026-03-07,llm-sentiment-v1,llm-horizon-v1-default,3day,3,2026-03-10,bearish,medium,0.8,0.56,99.0233,95.9838,-3.07,bearish,True,realized
2026-03-10,,https://www.fxstreet.com/news/feds-daly-both-goals-are-risks-now-202603061424,USD,Fed’s Daly: Both goals are risks now,2026-03-07,llm-sentiment-v1,llm-horizon-v1-default,1week,7,2026-03-14,bearish,medium,0.7,0.49,99.0233,95.9838,-3.07,bearish,True,realized
2026-03-10,,https://www.marketwatch.com/story/i-find-this-very-worrying-a-friends-home-fell-into-foreclosure-what-on-earth-is-going-on-6ca57472?mod=mw_rss_topstories,USD,‘I find this very worrying’: A friend’s home fell into foreclosure. What on earth is going on?,2026-03-07,llm-sentiment-v1,llm-horizon-v1-default,1week,7,2026-03-14,bearish,medium,0.7,0.49,99.0233,95.9838,-3.07,bearish,True,realized
2026-03-10,,https://www.fxstreet.com/news/forex-today-us-dollar-firms-ahead-of-nfp-oil-surges-amid-middle-east-war-202603051952,USD,"Forex Today: US Dollar firms ahead of NFP, Oil surges amid Middle East war",2026-03-07,llm-sentiment-v1,llm-horizon-v1-default,3day,3,2026-03-10,bullish,medium,0.8,0.56,99.0233,95.9838,-3.07,bearish,False,contradicted
2026-03-10,,https://slashdot.org/firehose.pl?op=view&amp;id=180912020,USD,Fed's Barkin: Do not have sense yet of implications of Iran war on economy - Forex Factory,2026-03-07,llm-sentiment-v1,llm-horizon-v1-default,1week,7,2026-03-14,bearish,medium,0.7,0.49,99.0233,95.9838,-3.07,bearish,True,realized
2026-03-10,,https://www.thehindubusinessline.com/markets/forex/rupee-makes-smart-recovery-from-previous-days-lows/article70708354.ece,USD,Rupee makes smart recovery from previous days lows,2026-03-07,llm-sentiment-v1,llm-horizon-v1-default,3day,3,2026-03-10,bearish,medium,0.8,0.56,99.0233,95.9838,-3.07,bearish,True,realized
2026-03-10,,https://www.cnbc.com/2026/03/06/uae-mulls-freezing-iranian-assets-as-middle-east-conflict-escalates-wsj-.html,USD,UAE mulls freezing Iranian assets as Middle East conflict escalates: WSJ,2026-03-07,llm-sentiment-v1,llm-horizon-v1-default,2week,14,2026-03-21,bearish,medium,0.8,0.56,99.0233,95.9838,-3.07,bearish,True,realized
2026-03-10,,https://economictimes.indiatimes.com/markets/stocks/news/global-market-gold-bonds-or-dollar-which-is-the-best-safe-haven-right-now/articleshow/129133038.cms,USD,"Global Market | Gold, bonds or dollar-Which is the best safe haven right now?",2026-03-07,llm-sentiment-v1,llm-horizon-v1-default,2week,14,2026-03-21,bullish,medium,0.7,0.49,99.0233,95.9838,-3.07,bearish,False,contradicted
2026-03-10,,https://www.marketwatch.com/story/fed-utterly-paralyzed-as-iran-conflict-stokes-stagflation-fears-5d31f2cd?mod=mw_rss_topstories,USD,Fed ‘utterly paralyzed’ as Iran conflict stokes stagflation fears,2026-03-07,llm-sentiment-v1,llm-horizon-v1-default,2week,14,2026-03-21,bearish,medium,0.8,0.56,99.0233,95.9838,-3.07,bearish,True,realized
2026-03-10,,https://investinglive.com/news/investinglive-americas-fx-news-wrap-6-marweak-jobs-report-meets-oil-driven-inflation-risk-20260306/,EUR,investingLive Americas FX news wrap 6 Mar:Weak jobs report meets oil-driven inflation risk,2026-03-07,keyword-sentiment-v1.1,llm-horizon-v1-default,1week,7,2026-03-14,bearish,medium,0.9,0.63,100.5608,102.9847,2.41,bullish,False,contradicted
2026-03-10,,https://www.fxstreet.com/news/ecbs-schnabel-iran-war-creates-upside-inflation-risks-202603061822,EUR,ECB’s Schnabel: Iran war creates upside inflation risks,2026-03-07,keyword-sentiment-v1.1,llm-horizon-v1-default,2week,14,2026-03-21,bearish,small,0.75,0.3,100.5608,102.9847,2.41,bullish,False,contradicted
2026-03-10,,https://www.fxstreet.com/news/ecbs-schnabel-iran-war-creates-upside-inflation-risks-202603061822,EUR,ECB’s Schnabel: Iran war creates upside inflation risks,2026-03-07,llm-sentiment-v1,llm-horizon-v1-default,2week,14,2026-03-21,bearish,medium,0.7,0.49,100.5608,102.9847,2.41,bullish,False,contradicted
2026-03-10,,https://cointelegraph.com/news/canada-first-tokenized-bond,CAD,Bank of Canada pilot issues country’s first tokenized bond,2026-03-08,llm-sentiment-v1,llm-horizon-v1-default,2week,14,2026-03-22,bullish,medium,0.7,0.49,96.8015,92.625,-4.31,bearish,False,contradicted
2026-03-10,,https://slashdot.org/firehose.pl?op=view&amp;id=180923102,USD,Two-Sided Risks Come into View for the Economy - Forex Factory,2026-03-08,keyword-sentiment-v1.1,llm-horizon-v1-default,1month,30,2026-04-07,bearish,small,0.75,0.3,98.1961,95.9838,-2.25,bearish,True,realized
2026-03-10,,https://www.thehindubusinessline.com/markets/forex/west-asia-conflict-rupee-ends-the-week-77-paise-weaker/article70712615.ece,USD,West Asia conflict: Rupee ends week 77 paise weaker,2026-03-08,keyword-sentiment-v1.1,llm-horizon-v1-default,3day,3,2026-03-11,bearish,small,0.9,0.36,98.1961,95.9838,-2.25,bearish,True,realized
2026-03-10,,https://www.thehindubusinessline.com/money-and-banking/west-asia-conflict-rupee-ends-the-week-77-paise-weaker/article70712615.ece,USD,West Asia conflict: Rupee ends the week 77 paise weaker,2026-03-08,keyword-sentiment-v1.1,llm-horizon-v1-default,3day,3,2026-03-11,bearish,small,0.9,0.36,98.1961,95.9838,-2.25,bearish,True,realized
2026-03-10,,https://slashdot.org/firehose.pl?op=view&amp;id=180923102,USD,Two-Sided Risks Come into View for the Economy - Forex Factory,2026-03-08,llm-sentiment-v1,llm-horizon-v1-default,1month,30,2026-04-07,bearish,medium,0.8,0.56,98.1961,95.9838,-2.25,bearish,True,realized
2026-03-10,,https://www.thehindubusinessline.com/markets/forex/west-asia-conflict-rupee-ends-the-week-77-paise-weaker/article70712615.ece,USD,West Asia conflict: Rupee ends week 77 paise weaker,2026-03-08,llm-sentiment-v1,llm-horizon-v1-default,3day,3,2026-03-11,bearish,medium,0.8,0.56,98.1961,95.9838,-2.25,bearish,True,realized
2026-03-10,,https://www.thehindubusinessline.com/money-and-banking/west-asia-conflict-rupee-ends-the-week-77-paise-weaker/article70712615.ece,USD,West Asia conflict: Rupee ends the week 77 paise weaker,2026-03-08,llm-sentiment-v1,llm-horizon-v1-default,3day,3,2026-03-11,bearish,medium,0.8,0.56,98.1961,95.9838,-2.25,bearish,True,realized
2026-03-10,ForexLive,https://investinglive.com/news/investinglive-european-fx-news-wrap-markets-in-a-cautiously-optimistic-mood-20260310/,EUR,investingLive European FX news wrap: Markets in a cautiously optimistic mood,2026-03-10,keyword-sentiment-v1.1-standard,llm-horizon-v1-default,1week,7,2026-03-17,bullish,small,0.9,0.36,102.9847,102.9847,0.0,neutral,False,unrealized
2026-03-10,FXStreet,https://www.fxstreet.com/news/eur-gbp-slow-creep-higher-risk-rabobank-202603101129,EUR,EUR/GBP: Slow creep higher risk – Rabobank,2026-03-10,keyword-sentiment-v1.1-standard,llm-horizon-v1-default,1week,7,2026-03-17,bullish,small,0.9,0.36,102.9847,102.9847,0.0,neutral,False,unrealized
2026-03-10,FXStreet,https://www.fxstreet.com/news/gbp-boe-repricing-and-eur-gbp-support-zone-ing-202603101024,EUR,GBP: BoE repricing and EUR/GBP support zone – ING,2026-03-10,keyword-sentiment-v1.1-standard,llm-horizon-v1-default,1week,7,2026-03-17,bullish,small,0.9,0.36,102.9847,102.9847,0.0,neutral,False,unrealized
2026-03-10,FXStreet,https://www.fxstreet.com/news/wti-remains-stronger-around-8650-as-strait-of-hormuz-disrupts-oil-supply-202603100915,EUR,WTI remains stronger around $85.50 as Strait of Hormuz disrupts oil supply,2026-03-10,keyword-sentiment-v1.1-standard,llm-horizon-v1-default,3day,3,2026-03-13,bullish,small,0.9,0.36,102.9847,102.9847,0.0,neutral,False,unrealized
2026-03-10,FXStreet,https://www.fxstreet.com/news/eur-usd-support-holds-as-oil-shock-reprices-rates-ing-202603100905,EUR,EUR/USD: Support holds as Oil shock reprices rates – ING,2026-03-10,keyword-sentiment-v1.1-standard,llm-horizon-v1-default,1week,7,2026-03-17,bullish,small,0.9,0.36,102.9847,102.9847,0.0,neutral,False,unrealized
2026-03-10,FXStreet,https://www.fxstreet.com/news/gold-rises-as-geopolitical-risks-underpin-safe-haven-demand-usd-strength-limits-gains-202603100436,EUR,"Gold struggles to build on intraday gains, remains below $5,200 amid positive risk tone",2026-03-10,keyword-sentiment-v1.1-standard,llm-horizon-v1-default,1day,1,2026-03-11,bullish,small,0.9,0.36,102.9847,102.9847,0.0,neutral,False,unrealized
2026-03-10,FXStreet,https://www.fxstreet.com/news/ecb-market-questions-zero-tolerance-stance-commerzbank-202603100816,EUR,ECB: Market questions zero-tolerance stance – Commerzbank,2026-03-10,keyword-sentiment-v1.1-standard,llm-horizon-v1-default,1week,7,2026-03-17,bullish,small,0.75,0.3,102.9847,102.9847,0.0,neutral,False,unrealized
2026-03-10,FXStreet,https://www.fxstreet.com/news/gbp-usd-price-forecast-eyes-50-day-ema-barrier-near-13500-despite-ongoing-bearish-bias-202603100801,EUR,GBP/USD Price Forecast: Eyes 50-day EMA barrier near 1.3500 despite ongoing bearish bias,2026-03-10,keyword-sentiment-v1.1-standard,llm-horizon-v1-default,3day,3,2026-03-13,bullish,small,0.9,0.36,102.9847,102.9847,0.0,neutral,False,unrealized
2026-03-10,FXStreet,https://www.fxstreet.com/news/aud-jpy-price-forecast-gains-traction-above-100-day-ema-with-bullish-rsi-momentum-202603100708,EUR,AUD/JPY Price Forecast: Gains traction above 100-day EMA with bullish RSI momentum,2026-03-10,keyword-sentiment-v1.1-standard,llm-horizon-v1-default,3day,3,2026-03-13,bullish,medium,0.9,0.63,102.9847,102.9847,0.0,neutral,False,unrealized
2026-03-10,MarketWatch,https://www.marketwatch.com/story/european-bonds-join-treasury-rally-as-lower-oil-prices-ease-inflation-fears-c317b735?mod=mw_rss_topstories,EUR,European bonds join Treasury rally as lower oil prices ease inflation fears,2026-03-10,keyword-sentiment-v1.1-standard,llm-horizon-v1-default,1week,7,2026-03-17,bearish,small,0.75,0.3,102.9847,102.9847,0.0,neutral,False,unrealized
2026-03-10,ForexLive,https://investinglive.com/news/chinas-trade-data-for-januaryfebruary-came-in-much-stronger-than-expected-20260310/,USD,China’s trade data for January–February came in much stronger than expected,2026-03-10,keyword-sentiment-v1.1-standard,llm-horizon-v1-default,1week,7,2026-03-17,bullish,small,0.9,0.36,95.9838,95.9838,0.0,neutral,False,unrealized
2026-03-10,FXStreet,https://www.fxstreet.com/news/usd-range-retest-as-crude-risk-premium-fades-bbh-202603101119,USD,USD: Range retest as crude risk premium fades – BBH,2026-03-10,keyword-sentiment-v1.1-standard,llm-horizon-v1-default,3day,3,2026-03-13,bearish,small,0.9,0.36,95.9838,95.9838,0.0,neutral,False,unrealized
2026-03-10,FXStreet,https://www.fxstreet.com/news/silver-price-today-silver-rises-according-to-fxstreet-data-202603100930,USD,"Silver price today: Silver rises, according to FXStreet data",2026-03-10,keyword-sentiment-v1.1-standard,llm-horizon-v1-default,1day,1,2026-03-11,bullish,small,0.9,0.36,95.9838,95.9838,0.0,neutral,False,unrealized
2026-03-10,FXStreet,https://www.fxstreet.com/news/usd-softer-tone-as-conflict-risks-reassessed-mufg-202603100840,USD,USD: Softer tone as conflict risks reassessed – MUFG,2026-03-10,keyword-sentiment-v1.1-standard,llm-horizon-v1-default,3day,3,2026-03-13,bearish,medium,0.9,0.63,95.9838,95.9838,0.0,neutral,False,unrealized
2026-03-10,FXStreet,https://www.fxstreet.com/news/forex-today-us-dollar-retreats-as-mood-improves-on-falling-oil-prices-202603100751,USD,Forex Today: US Dollar retreats as mood improves on falling Oil prices,2026-03-10,keyword-sentiment-v1.1-standard,llm-horizon-v1-default,1day,1,2026-03-11,bearish,small,0.9,0.36,95.9838,95.9838,0.0,neutral,False,unrealized
2026-03-10,FXStreet,https://www.fxstreet.com/news/gold-safe-haven-bid-seen-on-dips-ocbc-202603100726,USD,Gold: Safe-haven bid seen on dips – OCBC,2026-03-10,keyword-sentiment-v1.1-standard,llm-horizon-v1-default,3day,3,2026-03-13,bearish,small,0.9,0.36,95.9838,95.9838,0.0,neutral,False,unrealized
2026-03-10,FXStreet,https://www.fxstreet.com/news/silver-price-forecast-xag-usd-seems-vulnerable-bears-await-acceptance-below-8000-202603090145,USD,Silver Price Forecast: XAG/USD targets further upside beyond $90.00; 100-SMA holds the key,2026-03-10,keyword-sentiment-v1.1-standard,llm-horizon-v1-default,1week,7,2026-03-17,bearish,small,0.9,0.36,95.9838,95.9838,0.0,neutral,False,unrealized
2026-03-10,FXStreet,https://www.fxstreet.com/news/fed-conflict-complicates-rate-cut-path-bny-202603100641,USD,Fed: Conflict complicates rate-cut path – BNY,2026-03-10,keyword-sentiment-v1.1-standard,llm-horizon-v1-default,2week,14,2026-03-24,bearish,medium,0.9,0.63,95.9838,95.9838,0.0,neutral,False,unrealized
2026-03-10,NewsAPI (newsBTC),http://www.newsbtc.com/analysis/solana-sol-tumbles-to-80/,USD,"Solana (SOL) Tumbles to $80, Traders Watch Critical Support Defense",2026-03-10,keyword-sentiment-v1.1-standard,llm-horizon-v1-default,3day,3,2026-03-13,bullish,small,0.9,0.36,95.9838,95.9838,0.0,neutral,False,unrealized
2026-03-10,NewsAPI (Slashdot.org),https://slashdot.org/firehose.pl?op=view&amp;id=180923102,USD,Two-Sided Risks Come into View for the Economy - Forex Factory,2026-03-10,keyword-sentiment-v1.1-standard,llm-horizon-v1-default,1month,30,2026-04-09,bearish,small,0.75,0.3,95.9838,95.9838,0.0,neutral,False,unrealized
2026-03-10,NewsAPI (BusinessLine),https://www.thehindubusinessline.com/markets/forex/west-asia-conflict-rupee-ends-the-week-77-paise-weaker/article70712615.ece,USD,West Asia conflict: Rupee ends week 77 paise weaker,2026-03-10,keyword-sentiment-v1.1-standard,llm-horizon-v1-default,3day,3,2026-03-13,bearish,small,0.9,0.36,95.9838,95.9838,0.0,neutral,False,unrealized
2026-03-10,NewsAPI (BusinessLine),https://www.thehindubusinessline.com/money-and-banking/west-asia-conflict-rupee-ends-the-week-77-paise-weaker/article70712615.ece,USD,West Asia conflict: Rupee ends the week 77 paise weaker,2026-03-10,keyword-sentiment-v1.1-standard,llm-horizon-v1-default,3day,3,2026-03-13,bearish,small,0.9,0.36,95.9838,95.9838,0.0,neutral,False,unrealized
2026-03-10,FXStreet,https://www.fxstreet.com/news/jpy-june-hike-prospects-support-currency-ing-202603100709,JPY,JPY: June hike prospects support currency – ING,2026-03-10,keyword-sentiment-v1.1-standard,llm-horizon-v1-default,1week,7,2026-03-17,bullish,medium,0.9,0.63,104.2658,104.2658,0.0,neutral,False,unrealized
2026-03-10,ForexLive,https://investinglive.com/news/australian-business-confidence-turns-negative-as-conditions-hold-steady-pre-war-survey-20260310/,AUD,Australian business confidence turns negative as conditions hold steady (pre war survey),2026-03-10,keyword-sentiment-v1.1-standard,llm-horizon-v1-default,1week,7,2026-03-17,bearish,small,0.75,0.3,98.7793,98.7793,0.0,neutral,False,unrealized
2026-03-10,FXStreet,https://www.fxstreet.com/news/rba-market-weighs-live-march-hike-risk-td-securities-202603100950,AUD,RBA: Market weighs live March hike risk – TD Securities,2026-03-10,keyword-sentiment-v1.1-standard,llm-horizon-v1-default,1week,7,2026-03-17,bullish,small,0.9,0.36,98.7793,98.7793,0.0,neutral,False,unrealized
2026-03-10,FXStreet,https://www.fxstreet.com/news/saudi-aramco-ceo-i-am-concerned-about-elevated-risks-that-people-are-facing-in-region-202603100649,AUD,Saudi Aramco CEO: I am concerned about elevated risks that people are facing in region,2026-03-10,keyword-sentiment-v1.1-standard,llm-horizon-v1-default,1week,7,2026-03-17,bearish,small,0.9,0.36,98.7793,98.7793,0.0,neutral,False,unrealized
2026-03-10,Yahoo Finance,https://finance.yahoo.com/news/finastra-integrates-fraudaverse-ai-support-115818005.html,AUD,Finastra integrates FraudAverse AI to support fraud prevention for banks,2026-03-10,keyword-sentiment-v1.1-standard,llm-horizon-v1-default,1week,7,2026-03-17,bullish,small,0.9,0.36,98.7793,98.7793,0.0,neutral,False,unrealized
2026-03-10,FXStreet,https://www.fxstreet.com/news/nok-inflation-pressures-challenge-norges-bank-nordea-202603100922,NOK,NOK: Inflation pressures challenge Norges Bank – Nordea,2026-03-10,keyword-sentiment-v1.1-standard,llm-horizon-v1-default,1week,7,2026-03-17,bearish,medium,0.9,0.63,98.2752,98.2752,0.0,neutral,False,unrealized
2026-03-10,FXStreet,https://www.fxstreet.com/news/cny-export-strength-underpins-currency-commerzbank-202603100630,CNY,CNY: Export strength underpins currency – Commerzbank,2026-03-10,keyword-sentiment-v1.1-standard,llm-horizon-v1-default,1week,7,2026-03-17,bullish,small,0.9,0.36,96.5972,96.5972,0.0,neutral,False,unrealized
2026-03-10,ForexLive,https://investinglive.com/news/what-are-the-main-events-for-today-20260310/,EUR,What are the main events for today?,2026-03-10,llm-sentiment-v1-haiku,llm-horizon-v1-default,1day,1,2026-03-11,bullish,small,0.7,0.28,102.9847,102.9847,0.0,neutral,False,unrealized
2026-03-10,ForexLive,https://investinglive.com/news/investinglive-european-markets-wrap-oil-prices-come-off-the-boil-eyes-on-g7iea-action-20260309/,EUR,"investingLive European markets wrap: Oil prices come off the boil, eyes on G7/IEA action",2026-03-10,llm-sentiment-v1-haiku,llm-horizon-v1-default,2week,14,2026-03-24,bullish,medium,0.7,0.49,102.9847,102.9847,0.0,neutral,False,unrealized
2026-03-10,ForexLive,https://investinglive.com/news/eurozone-march-sentix-investor-confidence-31-vs-50-expected-20260309/,EUR,Eurozone March Sentix investor confidence -3.1 vs -5.0 expected,2026-03-10,llm-sentiment-v1-haiku,llm-horizon-v1-default,1week,7,2026-03-17,bearish,medium,0.8,0.56,102.9847,102.9847,0.0,neutral,False,unrealized
2026-03-10,FXStreet,https://www.fxstreet.com/news/eur-gbp-slow-creep-higher-risk-rabobank-202603101129,EUR,EUR/GBP: Slow creep higher risk – Rabobank,2026-03-10,llm-sentiment-v1-haiku,llm-horizon-v1-default,1week,7,2026-03-17,bearish,medium,0.7,0.49,102.9847,102.9847,0.0,neutral,False,unrealized
2026-03-10,FXStreet,https://www.fxstreet.com/news/eur-usd-support-holds-as-oil-shock-reprices-rates-ing-202603100905,EUR,EUR/USD: Support holds as Oil shock reprices rates – ING,2026-03-10,llm-sentiment-v1-haiku,llm-horizon-v1-default,1week,7,2026-03-17,bullish,medium,0.8,0.56,102.9847,102.9847,0.0,neutral,False,unrealized
2026-03-10,FXStreet,https://www.fxstreet.com/news/ecb-market-questions-zero-tolerance-stance-commerzbank-202603100816,EUR,ECB: Market questions zero-tolerance stance – Commerzbank,2026-03-10,llm-sentiment-v1-haiku,llm-horizon-v1-default,1week,7,2026-03-17,bearish,medium,0.8,0.56,102.9847,102.9847,0.0,neutral,False,unrealized
2026-03-10,MarketWatch,https://www.marketwatch.com/story/european-bonds-join-treasury-rally-as-lower-oil-prices-ease-inflation-fears-c317b735?mod=mw_rss_topstories,EUR,European bonds join Treasury rally as lower oil prices ease inflation fears,2026-03-10,llm-sentiment-v1-haiku,llm-horizon-v1-default,1week,7,2026-03-17,bullish,medium,0.7,0.49,102.9847,102.9847,0.0,neutral,False,unrealized
2026-03-10,ForexLive,https://investinglive.com/news/chinas-trade-data-for-januaryfebruary-came-in-much-stronger-than-expected-20260310/,USD,China’s trade data for January–February came in much stronger than expected,2026-03-10,llm-sentiment-v1-haiku,llm-horizon-v1-default,1week,7,2026-03-17,bullish,medium,0.8,0.56,95.9838,95.9838,0.0,neutral,False,unrealized
2026-03-10,ForexLive,https://investinglive.com/news/investinglive-asia-pacific-fx-news-wrap-trumps-mixed-messages-on-his-war-20260310/,USD,investingLive Asia-Pacific FX news wrap: Trump’s mixed messages on his war,2026-03-10,llm-sentiment-v1-haiku,llm-horizon-v1-default,2week,14,2026-03-24,bearish,medium,0.7,0.49,95.9838,95.9838,0.0,neutral,False,unrealized
2026-03-10,FXStreet,https://www.fxstreet.com/news/usd-range-retest-as-crude-risk-premium-fades-bbh-202603101119,USD,USD: Range retest as crude risk premium fades – BBH,2026-03-10,llm-sentiment-v1-haiku,llm-horizon-v1-default,3day,3,2026-03-13,bearish,medium,0.8,0.56,95.9838,95.9838,0.0,neutral,False,unrealized
2026-03-10,FXStreet,https://www.fxstreet.com/news/silver-price-today-silver-rises-according-to-fxstreet-data-202603100930,USD,"Silver price today: Silver rises, according to FXStreet data",2026-03-10,llm-sentiment-v1-haiku,llm-horizon-v1-default,1day,1,2026-03-11,bearish,small,0.8,0.32,95.9838,95.9838,0.0,neutral,False,unrealized
2026-03-10,FXStreet,https://www.fxstreet.com/news/indian-rupee-remains-under-pressure-as-usd-inr-nears-record-highs-202603100503,USD,USD/INR remains flat after paring recent gains as US Dollar weakens,2026-03-10,llm-sentiment-v1-haiku,llm-horizon-v1-default,3day,3,2026-03-13,bearish,medium,0.8,0.56,95.9838,95.9838,0.0,neutral,False,unrealized
2026-03-10,FXStreet,https://www.fxstreet.com/news/brent-volatile-spike-and-policy-response-commerzbank-202603100849,USD,Brent: Volatile spike and policy response – Commerzbank,2026-03-10,llm-sentiment-v1-haiku,llm-horizon-v1-default,1week,7,2026-03-17,bullish,small,0.7,0.28,95.9838,95.9838,0.0,neutral,False,unrealized
2026-03-10,FXStreet,https://www.fxstreet.com/news/usd-softer-tone-as-conflict-risks-reassessed-mufg-202603100840,USD,USD: Softer tone as conflict risks reassessed – MUFG,2026-03-10,llm-sentiment-v1-haiku,llm-horizon-v1-default,3day,3,2026-03-13,bearish,medium,0.8,0.56,95.9838,95.9838,0.0,neutral,False,unrealized
2026-03-10,FXStreet,https://www.fxstreet.com/news/forex-today-us-dollar-retreats-as-mood-improves-on-falling-oil-prices-202603100751,USD,Forex Today: US Dollar retreats as mood improves on falling Oil prices,2026-03-10,llm-sentiment-v1-haiku,llm-horizon-v1-default,1day,1,2026-03-11,bearish,medium,0.8,0.56,95.9838,95.9838,0.0,neutral,False,unrealized
2026-03-10,FXStreet,https://www.fxstreet.com/news/gold-safe-haven-bid-seen-on-dips-ocbc-202603100726,USD,Gold: Safe-haven bid seen on dips – OCBC,2026-03-10,llm-sentiment-v1-haiku,llm-horizon-v1-default,3day,3,2026-03-13,bullish,small,0.7,0.28,95.9838,95.9838,0.0,neutral,False,unrealized
2026-03-10,FXStreet,https://www.fxstreet.com/news/silver-price-forecast-xag-usd-seems-vulnerable-bears-await-acceptance-below-8000-202603090145,USD,Silver Price Forecast: XAG/USD targets further upside beyond $90.00; 100-SMA holds the key,2026-03-10,llm-sentiment-v1-haiku,llm-horizon-v1-default,1week,7,2026-03-17,bullish,medium,0.8,0.56,95.9838,95.9838,0.0,neutral,False,unrealized
2026-03-10,FXStreet,https://www.fxstreet.com/news/fed-conflict-complicates-rate-cut-path-bny-202603100641,USD,Fed: Conflict complicates rate-cut path – BNY,2026-03-10,llm-sentiment-v1-haiku,llm-horizon-v1-default,2week,14,2026-03-24,bearish,medium,0.8,0.56,95.9838,95.9838,0.0,neutral,False,unrealized
2026-03-10,NewsAPI (BusinessLine),https://www.thehindubusinessline.com/markets/forex/rupee-falls-53-paise-to-close-at-all-time-low-of-9235-against-us-dollar/article70722155.ece,USD,Rupee falls 53 paise to close at all-time low of 92.35 against US dollar,2026-03-10,llm-sentiment-v1-haiku,llm-horizon-v1-default,1day,1,2026-03-11,bearish,medium,0.8,0.56,95.9838,95.9838,0.0,neutral,False,unrealized
2026-03-10,NewsAPI (Thecityceleb.com),https://www.thecityceleb.com/business/aboki-naira-to-dollar-black-market-exchange-rate-today-8th-march-2026/,USD,"Aboki Naira to Dollar Black Market Exchange Rate Today, 8th March 2026",2026-03-10,llm-sentiment-v1-haiku,llm-horizon-v1-default,1day,1,2026-03-11,bearish,medium,0.8,0.56,95.9838,95.9838,0.0,neutral,False,unrealized
2026-03-10,NewsAPI (Slashdot.org),https://slashdot.org/firehose.pl?op=view&amp;id=180923102,USD,Two-Sided Risks Come into View for the Economy - Forex Factory,2026-03-10,llm-sentiment-v1-haiku,llm-horizon-v1-default,1month,30,2026-04-09,bearish,medium,0.8,0.56,95.9838,95.9838,0.0,neutral,False,unrealized
2026-03-10,NewsAPI (BusinessLine),https://www.thehindubusinessline.com/markets/forex/west-asia-conflict-rupee-ends-the-week-77-paise-weaker/article70712615.ece,USD,West Asia conflict: Rupee ends week 77 paise weaker,2026-03-10,llm-sentiment-v1-haiku,llm-horizon-v1-default,3day,3,2026-03-13,bearish,medium,0.8,0.56,95.9838,95.9838,0.0,neutral,False,unrealized
2026-03-10,NewsAPI (BusinessLine),https://www.thehindubusinessline.com/money-and-banking/west-asia-conflict-rupee-ends-the-week-77-paise-weaker/article70712615.ece,USD,West Asia conflict: Rupee ends the week 77 paise weaker,2026-03-10,llm-sentiment-v1-haiku,llm-horizon-v1-default,3day,3,2026-03-13,bearish,medium,0.8,0.56,95.9838,95.9838,0.0,neutral,False,unrealized
2026-03-10,FXStreet,https://www.fxstreet.com/news/jpy-june-hike-prospects-support-currency-ing-202603100709,JPY,JPY: June hike prospects support currency – ING,2026-03-10,llm-sentiment-v1-haiku,llm-horizon-v1-default,1week,7,2026-03-17,bullish,medium,0.8,0.56,104.2658,104.2658,0.0,neutral,False,unrealized
2026-03-10,ForexLive,https://investinglive.com/news/australian-business-confidence-turns-negative-as-conditions-hold-steady-pre-war-survey-20260310/,AUD,Australian business confidence turns negative as conditions hold steady (pre war survey),2026-03-10,llm-sentiment-v1-haiku,llm-horizon-v1-default,1week,7,2026-03-17,bearish,medium,0.7,0.49,98.7793,98.7793,0.0,neutral,False,unrealized
2026-03-10,ForexLive,https://investinglive.com/news/australian-consumer-sentiment-rebounds-slightly-but-inflation-fears-surge-20260309/,AUD,Australian consumer sentiment rebounds slightly but inflation fears surge,2026-03-10,llm-sentiment-v1-haiku,llm-horizon-v1-default,1week,7,2026-03-17,bearish,medium,0.8,0.56,98.7793,98.7793,0.0,neutral,False,unrealized
2026-03-10,FXStreet,https://www.fxstreet.com/news/rba-market-weighs-live-march-hike-risk-td-securities-202603100950,AUD,RBA: Market weighs live March hike risk – TD Securities,2026-03-10,llm-sentiment-v1-haiku,llm-horizon-v1-default,1week,7,2026-03-17,bullish,medium,0.8,0.56,98.7793,98.7793,0.0,neutral,False,unrealized
2026-03-10,NewsAPI (BusinessLine),https://www.thehindubusinessline.com/opinion/editorial/editorial-stress-management/article70718650.ece,CAD,Editorial. Stress management,2026-03-10,llm-sentiment-v1-haiku,llm-horizon-v1-default,1week,7,2026-03-17,bearish,small,0.7,0.28,92.625,92.625,0.0,neutral,False,unrealized
2026-03-10,FXStreet,https://www.fxstreet.com/news/nok-inflation-pressures-challenge-norges-bank-nordea-202603100922,NOK,NOK: Inflation pressures challenge Norges Bank – Nordea,2026-03-10,llm-sentiment-v1-haiku,llm-horizon-v1-default,1week,7,2026-03-17,bearish,medium,0.8,0.56,98.2752,98.2752,0.0,neutral,False,unrealized
2026-03-10,ForexLive,https://investinglive.com/news/china-exports-surge-218-as-trade-surplus-widens-at-start-of-2026-more-detail-20260310/,CNY,China exports surge 21.8% as trade surplus widens at start of 2026 - more detail,2026-03-10,llm-sentiment-v1-haiku,llm-horizon-v1-default,1month,30,2026-04-09,bullish,medium,0.8,0.56,96.5972,96.5972,0.0,neutral,False,unrealized
2026-03-10,FXStreet,https://www.fxstreet.com/news/cny-export-strength-underpins-currency-commerzbank-202603100630,CNY,CNY: Export strength underpins currency – Commerzbank,2026-03-10,llm-sentiment-v1-haiku,llm-horizon-v1-default,1week,7,2026-03-17,bullish,medium,0.8,0.56,96.5972,96.5972,0.0,neutral,False,unrealized
