date,currency,source,title,url,relevance_score,snippet
2026-02-24,GBP,FXStreet,BoE’s Pill: Bearing down on inflationary pressures remains necessary,https://www.fxstreet.com/news/boes-pill-bearing-down-on-inflationary-pressures-remains-necessary-202602241706,0.67,Bank of England (BoE) Chief Economist Huw Pill said that the BoE has put too much weight on inflatio
2026-02-24,GBP,FXStreet,BoE’s Governor Bailey: Rate cut at next meeting is a genuinely open question,https://www.fxstreet.com/news/boes-governor-bailey-rate-cut-at-next-meeting-is-a-genuinely-open-question-202602241705,0.67,Bank of England (BoE) Governor Andrew Bailey said on Tuesday that he expects inflation to return to 
2026-02-24,GBP,FXStreet,"Bank of England: Cuts on the table, conviction still building",https://www.fxstreet.com/news/bank-of-england-cuts-on-the-table-conviction-still-building-202602241538,0.67,"At the Treasury Select Committee (TSC) hearing following the February Monetary Policy Report, Bank o"
2026-02-24,GBP,FXStreet,"GBP/JPY climbs above two-week range as Yen weakens, Bailey testimony eyed",https://www.fxstreet.com/news/gbp-jpy-climbs-above-two-week-range-as-yen-weakens-bailey-testimony-eyed-202602241413,0.67,The British Pound (GBP) strengthens against the Japanese Yen (JPY) on Tuesday as the Yen weakens bro
2026-02-27,GBP,ForexLive,UK consumer confidence falls to three-month low and car production drops 8%,https://investinglive.com/news/uk-consumer-confidence-falls-to-three-month-low-and-car-production-drops-8-20260227/,0.33,"UK confidence slips as unemployment rises and car output weakens, clouding the early-year growth out"
2026-02-27,GBP,NewsAPI (OilPrice.com),Turkey and BP Reshape the Balance of Power in Northern Iraq,https://oilprice.com/Energy/Energy-General/Turkey-and-BPs-Kirkuk-Alliance-Signals-a-Major-Shift-in-Iraqs-EastWest-Balanc.html,0.33,The recent announcement that Turkey’s state-owned TPAO has signed a wide-ranging oil and gas coopera
2026-02-25,GBP,FXStreet,"GBP/JPY Price Forecast: Clears key resistance, aims towards 212.00",https://www.fxstreet.com/news/gbp-jpy-price-forecast-clears-key-resistance-aims-towards-21200-202602252057,0.5,"The GBP/JPY rallies for the second straight day, up by over 0.80% as Yen weakness extends, as the Ja"
2026-02-25,GBP,Yahoo Finance,United Airlines selects GE Aerospace (GE)’s GEnx Engines for Boeing 787,https://finance.yahoo.com/news/united-airlines-selects-ge-aerospace-144245024.html,0.33,
2026-02-25,GBP,Yahoo Finance,The Boeing Company’s (BA) 777-9 Flight Training Simulators Receives Qualification Certification,https://finance.yahoo.com/news/boeing-company-ba-777-9-144323026.html,0.33,
2026-02-26,GBP,FXStreet,BoE: Stronger data versus easing path – Standard Chartered,https://www.fxstreet.com/news/boe-stronger-data-versus-easing-path-standard-chartered-202602261459,0.67,Standard Chartered economists Christopher Graham and Saabir Salad argue that stronger UK activity da
2026-02-24,JPY,NewsAPI (The Times of India),Political messaging behind timing of installation of Rajaji’s bust?,https://timesofindia.indiatimes.com/india/political-messaging-behind-timing-of-installation-of-rajajis-bust/articleshow/128727022.cms,0.33,India News: NEW DELHI: The timing of installation of C Rajagopalachari's bust replacing Edward Lutye
2026-02-28,JPY,NewsAPI (Cointelegraph),Why yen stablecoins are key to Japan’s crypto ambitions,https://cointelegraph.com/news/yen-stablecoins-japan-crypto-ambitions,0.33,Japan’s regulators and conglomerates are working to bring one of the world’s key funding currencies 
2026-02-27,JPY,ForexLive,More Japan data: January retail sales beat and industrial production miss,https://investinglive.com/news/more-japan-data-january-retail-sales-beat-and-industrial-production-miss-20260226/,0.33,"Data only, I'll have more to come on this, details and analysis, separately. Added, just a snippet, "
2026-02-25,JPY,ForexLive,"investingLive Asia-Pacific FX news wrap: Nikkei record high, Australian CPI high & sticky",https://investinglive.com/news/investinglive-asia-pacific-fx-news-wrap-nikkei-record-high-australian-cpi-high-sticky-20260225/,0.67,"Trump says Iran advancing missile, nuclear programs despite negotiationsJapan govmt nominates new BO"
2026-02-25,JPY,FXStreet,JPY: Reflationist BoJ picks flag downside risks – MUFG,https://www.fxstreet.com/news/jpy-reflationist-boj-picks-flag-downside-risks-mufg-202602251345,1.0,MUFG’s Head of Research Derek Halpenny highlights renewed Japanese Yen underperformance as Prime Min
2026-02-25,JPY,FXStreet,AUD/JPY Price Forecast: Skyrockets past 111.00 on hot Aussie CPI,https://www.fxstreet.com/news/aud-jpy-price-forecast-skyrockets-past-11100-on-hot-aussie-cpi-202602252222,0.5,"The AUD/JPY rallies over 1.20% on Wednesday, after an inflation report in Australia prompted investo"
2026-02-26,JPY,ForexLive,Economic & event calendar in Asia 27 February 2026 - Japan inflation indicator (Tokyo CPI),https://investinglive.com/news/economic-event-calendar-in-asia-27-february-2026-japan-inflation-indicator-tokyo-cpi-20260226/,0.33,This snapshot is from the investingLive economic data calendar.The times in the left-most column are
2026-02-26,JPY,ForexLive,investingLive Asia-Pacific FX news wrap: Hawkish BoJ (Ueda & Takata) boost JPY,https://investinglive.com/news/investinglive-asia-pacific-fx-news-wrap-hawkish-boj-ueda-takata-boost-jpy-20260226/,1.0,"Singapore MAS survey: 2026 GDP seen at 3.6%, April tightening odds riseChina Two Sessions 2026: grow"
2026-02-24,CAD,FXStreet,CNY: PBoC on hold as Yuan firms – BNY,https://www.fxstreet.com/news/cny-pboc-on-hold-as-yuan-firms-bny-202602241907,0.33,BNY’s Head of Markets Macro Strategy Bob Savage notes that the People’s Bank of China kept its 1-yea
2026-02-24,CAD,Yahoo Finance,"Want $1 Million in Retirement? Invest $100,000 in These 3 Stocks and Wait a Decade.",https://finance.yahoo.com/news/want-1-million-retirement-invest-133100586.html,0.33,
2026-02-28,CAD,NewsAPI (GlobeNewswire),Canada Prepaid Card and Digital Wallet Intelligence Report 2026-2030: $26.26 Billion Market Intensifies as Bank-Led Digital Propositions and Embedded Infrastructure Entrants Expand Competition,https://www.globenewswire.com/news-release/2026/02/27/3246346/28124/en/Canada-Prepaid-Card-and-Digital-Wallet-Intelligence-Report-2026-2030-26-26-Billion-Market-Intensifies-as-Bank-Led-Digital-Propositions-and-Embedded-Infrastructure-Entrants-Expand-C.html,0.33,The Canadian prepaid card and digital wallet market offers opportunities in expanding reloadable pre
2026-02-27,CAD,ForexLive,Canada Q4 GDP -0.6% vs 0.0% expected,https://investinglive.com/news/canada-q4-gdp-06-vs-00-expected-20260227/,0.33,Prior was +2.6%GDP -0.2% q/q vs +0.6% priorReal GDP increased 1.7% in 2025Exports rose 1.5% in the f
2026-02-27,CAD,FXStreet,Canada GDP contracts 0.6% in Q4 vs. 0% expected,https://www.fxstreet.com/news/canada-gdp-contracts-06-in-q4-vs-0-expected-202602271352,0.33,Canada's real Gross Domestic Product (GDP) contracted at an annualized rate of 0.6% in the fourth qu
2026-02-25,CAD,ForexLive,Canada capital spending intentions for 2026 come in at 3.7% vs 2025 pace of 4.7%,https://investinglive.com/news/canada-capital-spending-intentions-for-2026-come-in-at-37-vs-2025-pace-of-47-20260225/,0.33,Statistics Canada out with the non-residential capital and repair expenditures report for 2026 inten
2026-02-25,CAD,MarketWatch,"For the first time in decades, new hair-loss treatments are in the works. Here’s how they’re different.",https://www.marketwatch.com/story/for-the-first-time-in-decades-new-hair-loss-treatments-are-in-the-works-heres-how-theyre-different-c2033ade?mod=mw_rss_topstories,0.33,"“Botox on steroids”: Old hair-loss drugs are getting an upgrade, and new ones are on the way."
2026-02-25,CAD,Yahoo Finance,Netflix: Stock to Avoid or Once-in-a-Decade Opportunity?,https://finance.yahoo.com/news/netflix-stock-avoid-once-decade-130500353.html,0.33,
2026-02-26,CAD,ForexLive,investingLive Americas market news wrap: Nvidia shares sink after earnings,https://investinglive.com/news/investinglive-americas-market-news-wrap-nvidia-shares-sink-after-earnings-20260226/,0.33,"Oman foreign min: There was significant progres in negotiations, talks will resumeUS initial jobless"
2026-02-26,CAD,ForexLive,"Canadian minister: Gov't to gov't conversations on USMCA are ""not discouraging""",https://investinglive.com/news/canadian-minister-govt-to-govt-conversations-on-usmca-are-not-discouraging-20260226/,0.33,"Dominic LeBlanc, who is the Canadian minister responsible for US-Canada trade, says that private gov"
2026-02-24,CHF,FXStreet,France: Growth outlook softens on weaker business climate – ING,https://www.fxstreet.com/news/france-growth-outlook-softens-on-weaker-business-climate-ing-202602241528,0.33,ING economist Charlotte de Montpellier notes that French business confidence fell further in Februar
2026-02-27,CHF,ForexLive,Switzerland Q4 GDP +0.1% vs +0.2% q/q expected,https://investinglive.com/news/switzerland-q4-gdp-01-vs-02-qq-expected-20260227/,0.67,"Prior -0.5%; revised to -0.4%Swiss economic output bounces back in the final quarter of last year, a"
2026-02-27,CHF,ForexLive,France February preliminary CPI +1.0% vs +0.8% y/y expected,https://investinglive.com/news/france-february-preliminary-cpi-10-vs-08-yy-expected-20260227/,0.33,Prior +0.3%HICP +1.1% vs +0.7% y/y expectedPrior +0.4%The bigger jump in the annual estimates is lar
2026-02-27,CHF,ForexLive,France Q4 final GDP +0.2% vs +0.2% q/q prelim,https://investinglive.com/news/france-q4-final-gdp-02-vs-02-qq-prelim-20260227/,0.33,"Prior +0.5%French Q4 GDP is confirmed at +0.2% q/q, reflecting slight growth in the final quarter of"
2026-02-27,CHF,NewsAPI (GlobeNewswire),Viridien : 2025 annual results,https://www.globenewswire.com/news-release/2026/02/26/3245865/0/en/Viridien-2025-annual-results.html,0.33,"Paris (France), February 26, 2026 2025 annual resultsStrong performance driving significant cash gen"
2026-02-27,CHF,NewsAPI (Financial Post),Expensify Announces Q4 and Full Year Fiscal 2025 Results,https://financialpost.com/pmn/business-wire-news-releases-pmn/expensify-announces-q4-and-full-year-fiscal-2025-results,0.33,The company generated $20.1 million in operating cash flow and $19.9 million in free cash flow in fi
2026-02-27,CHF,NewsAPI (WWD),SMCP Sales Slip in Q4 as Exit From BHV Weighs on France,http://wwd.com/business-news/financial/smcp-q4-sales-decline-bhv-exit-impact-1238630130/,0.33,"SMCP’s French operations were hit by exiting all SGM properties, while international markets and a f"
2026-02-25,CHF,NewsAPI (GlobeNewswire),BIC: FULL YEAR 2025 RESULTS,https://www.globenewswire.com/news-release/2026/02/24/3243883/0/en/BIC-FULL-YEAR-2025-RESULTS.html,0.33,"Clichy, France – February 24, 2026 FULL YEAR 2025 RESULTS Challenging year in 2025 with an improved "
2026-02-24,CNY,ForexLive,China says it expects to hold trade talks with the US in the near future,https://investinglive.com/news/china-says-it-expects-to-hold-trade-talks-with-the-us-in-the-near-future-20260224/,0.67,"Well, you can certainly bet that Beijing is smirking and if not laughing with glee over the whole si"
2026-02-24,CNY,ForexLive,"China adds 20 Japanese firms to export control list, tightening dual-use trade",https://investinglive.com/news/china-adds-20-japanese-firms-to-export-control-list-tightening-dual-use-trade-20260224/,0.33,"China moved to restrict dual-use exports to 20 Japanese entities, a fresh escalation in trade fricti"
2026-02-24,CNY,ForexLive,"Economic and event calendar in Asia Tuesday, February 24, 2026 - China and Japan return",https://investinglive.com/news/economic-and-event-calendar-in-asia-tuesday-february-24-2026-china-and-japan-return-20260223/,0.33,It's a near empty economic calendar today. I was expecting the People's Bank of China to set its Loa
2026-02-24,CNY,FXStreet,China: AI strategy deepens global tech rivalry – BNP Paribas,https://www.fxstreet.com/news/china-ai-strategy-deepens-global-tech-rivalry-bnp-paribas-202602242056,0.33,BNP Paribas highlights that China has placed artificial intelligence at the core of its development 
2026-02-28,CNY,NewsAPI (Financial Post),Gold Rises on Chinese Trading With US-Iran Tensions in Focus,https://financialpost.com/pmn/business-pmn/gold-rises-on-chinese-trading-with-us-iran-tensions-in-focus,0.33,"Gold and silver rose as the Shanghai Futures Exchange’s night session began, with a US military buil"
2026-02-27,CNY,ForexLive,"China's Politburo: Development process of latest 'five-year plan' is ""extremely unusual""",https://investinglive.com/news/chinas-politburo-development-process-of-latest-five-year-plan-is-extremely-unusual-20260227/,0.33,"Development process during the 14th 'five-year plan' period is ""extremely unusual and extraordinary"""
2026-02-27,CNY,FXStreet,China: Policy mix guides 2026 growth path – UOB,https://www.fxstreet.com/news/china-policy-mix-guides-2026-growth-path-uob-202602271807,0.33,UOB’s Ho Woei Chen expects China’s National People’s Congress to set a 2026 real GDP growth target o
2026-02-25,CNY,ForexLive,USTR Greer: We intend to stick to the China deal we had before,https://investinglive.com/news/ustr-greer-we-intend-to-stick-to-the-china-deal-we-had-before-20260225/,0.33,I expect China tariff level to remain in placeWe don't intend to escalate tariffs on ChinaTrade law 
2026-02-25,CNY,ForexLive,"SOTU Trump: Says tariffs stay despite Supreme Court loss, pivots to new global levy",https://investinglive.com/news/sotu-trump-says-tariffs-stay-despite-supreme-court-loss-pivots-to-new-global-levy-20260225/,0.33,"Trump is reframing the Supreme Court tariff loss as a detour, not a derailment, as his team shifts t"
2026-02-25,CNY,FXStreet,Copper: Chinese demand lifts prices – ING,https://www.fxstreet.com/news/copper-chinese-demand-lifts-prices-ing-202602251254,0.33,"ING analysts Warren Patterson and Ewa Manthey report that LME copper has moved back above $13,000/t "
2026-02-25,CNY,NewsAPI (Reason),How Communists Conquered China,https://reason.com/2026/02/24/how-communists-conquered-china/,0.33,The evidence tells a different story than you’ll find in the party's triumphant propaganda.
2026-02-25,CNY,NewsAPI (The Star Online),Digital ecosystem makes China travels a breeze for Malaysians,https://www.thestar.com.my/news/nation/2026/02/25/digital-ecosystem-makes-china-travels-a-breeze-for-malaysians,0.33,"PETALING JAYA: For many Malaysians, the main draw of travelling to China is no longer just about the"
2026-02-25,CNY,FXStreet,China: Two Sessions set 2026 growth path – TD Securities,https://www.fxstreet.com/news/china-two-sessions-set-2026-growth-path-td-securities-202602252217,0.33,TD Securities analysts expect Premier Li to unveil a 4.5–5.0% GDP target range for 2026 at the Two S
2026-02-26,CNY,ForexLive,Beijing uneasy as Trump–Xi summit preparations lose momentum - report,https://investinglive.com/news/beijing-uneasy-as-trumpxi-summit-preparations-lose-momentum-report-20260226/,0.33,The problem with being all show is that eventually you have to deliver real results. Earlier today t
2026-02-26,CNY,ForexLive,"China Two Sessions 2026: growth target, fiscal stance and 15th plan signals in focus",https://investinglive.com/news/china-two-sessions-2026-growth-target-fiscal-stance-and-15th-plan-signals-in-focus-20260226/,0.33,"China’s Two Sessions (4–11 March) is shaping up as a “targets + 15th plan signalling” event, more ab"
2026-02-26,CNY,FXStreet,China: Long-game growth strategy – Standard Chartered,https://www.fxstreet.com/news/china-long-game-growth-strategy-standard-chartered-202602262128,0.33,Standard Chartered economists Carol Liao and Shuang Ding expect China to set a 2026 GDP growth targe
2026-02-26,CNY,Yahoo Finance,The U.S. Just Took a Giant Step in The Rare Earth Race With China,https://finance.yahoo.com/news/u-just-took-giant-step-145900935.html,0.33,
2026-02-24,USD,ForexLive,investingLive Americas market news wrap: US consumer confidence bounces from 11-year low,https://investinglive.com/news/investinglive-americas-market-news-wrap-us-consumer-confidence-bounces-from-11-year-low-20260224/,0.33,US February consumer confidence 91.2 vs 87.0 expectedRichmond Fed composite index for February -10 v
2026-02-24,USD,ForexLive,Richmond Fed composite index for February -10 versus -8 estimate,https://investinglive.com/news/richmond-fed-composite-index-for-february-10-versus-8-estimate-20260224/,0.33,Prior month -6Details:Composite manufacturing index fell to -10 in February from -6 in January. Esti
2026-02-24,USD,ForexLive,"investingLive Asia-Pacific FX news wrap: Tariff uncertainty persists, China rises",https://investinglive.com/news/investinglive-asia-pacific-fx-news-wrap-tariff-uncertainty-persists-china-rises-20260224/,0.33,Apple to move some Mac mini production to Houston in 2026 – WSJChina adds 20 Japanese firms to expor
2026-02-24,USD,ForexLive,US February Dallas Fed manufacturing index +0.2 vs -1.2 prior,https://investinglive.com/news/us-february-dallas-fed-manufacturing-index-02-vs-12-prior-20260223/,0.33,General business activity: +0.2 (prev. -1.2)Production: 12.5 (prev. 12.2)New orders: 11.1 (unchanged
2026-02-24,USD,FXStreet,Forex Today: US Dollar firms after Trump’s tariff ruling and hawkish Fed stance,https://www.fxstreet.com/news/forex-today-us-dollar-firms-after-trumps-tariff-ruling-and-hawkish-fed-stance-202602242033,1.0,The US Dollar (USD) is on a green note on Tuesday after recovering from Monday’s decline as investor
2026-02-24,USD,FXStreet,USD/CHF Price Forecast: Tests 20-day SMA as Franc outperforms,https://www.fxstreet.com/news/usd-chf-price-forecast-tests-20-day-sma-as-franc-outperforms-202602242013,0.67,"USD/CHF edges lower during the North American session on Tuesday, down 0.20%, even though the US Dol"
2026-02-24,USD,FXStreet,INR: Cautious relief after US tariff ruling – DBS,https://www.fxstreet.com/news/inr-cautious-relief-after-us-tariff-ruling-dbs-202602241943,0.33,DBS Group Research economist Radhika Rao notes that India’s markets reacted with cautious optimism a
2026-02-24,USD,FXStreet,"Gold pulls back from $5,249 as US Dollar firms on Fed rhetoric",https://www.fxstreet.com/news/gold-pulls-back-from-5-249-as-us-dollar-firms-on-fed-rhetoric-202602241900,1.0,"Gold price retreats from three-week high of $5,249 on Tuesday as the Greenback pares some of Monday’"
2026-02-24,USD,FXStreet,USD/KRW: Range trade with slight downside bias – OCBC,https://www.fxstreet.com/news/usd-krw-range-trade-with-slight-downside-bias-ocbc-202602241828,0.5,OCBC’s Sim Moh Siong and Christopher Wong note that USD/KRW has traded lower but remains range-bound
2026-02-24,USD,FXStreet,USD/JPY Price Forecast: Bullish bias builds above 155.00 support,https://www.fxstreet.com/news/usd-jpy-price-forecast-bullish-bias-builds-above-15500-support-202602241752,0.5,USD/JPY trades on the front foot on Tuesday as the Japanese Yen (JPY) weakens broadly after reports 
2026-02-24,USD,FXStreet,GBP/USD rises past 1.3500 as Bailey hints at easing despite firmer US Dollar,https://www.fxstreet.com/news/gbp-usd-rises-past-13500-as-bailey-hints-at-easing-us-dollar-firms-202602241633,0.67,The Pound Sterling (GBP) trades higher on Tuesday even though the Bank of England (BoE) Governor ope
2026-02-24,USD,FXStreet,"USD/JPY advances on US confidence rebound, Japanese monetary policy concerns",https://www.fxstreet.com/news/usd-jpy-advances-on-us-confidence-rebound-japanese-monetary-policy-concerns-202602241616,0.67,"USD/JPY trades around 155.95 on Tuesday at the time of writing, up 0.80% on the day, supported by th"
2026-02-24,USD,FXStreet,USD/CAD steadies as stronger US Dollar pressures Loonie,https://www.fxstreet.com/news/usd-cad-steadies-as-stronger-us-dollar-pressures-loonie-202602241615,0.67,USD/CAD trades flat on Tuesday as a firmer US Dollar (USD) keeps the Canadian Dollar (CAD) under mod
2026-02-24,USD,FXStreet,Silver Price Forecast: XAG/USD pulls back from $89 as tariff rally fades into profit-taking,https://www.fxstreet.com/news/silver-price-forecast-xag-usd-pulls-back-from-89-as-tariff-rally-fades-into-profit-taking-202602241608,0.5,"Spot Silver is pulling back on Tuesday after Monday's explosive rally, trading near $87.87. The week"
2026-02-24,USD,FXStreet,"NZD/USD struggles as US Dollar gains on Fed signals, trade tensions",https://www.fxstreet.com/news/nzd-usd-struggles-as-us-dollar-gains-on-fed-signals-trade-tensions-202602241435,1.0,"NZD/USD trades around 0.5950 on Tuesday at the time of writing, down 0.14% on the day, after failing"
2026-02-24,USD,FXStreet,USD: Squeeze risk on geopolitical escalation – OCBC,https://www.fxstreet.com/news/usd-squeeze-risk-on-geopolitical-escalation-ocbc-202602241431,0.67,OCBC’s Sim Moh Siong and Christopher Wong argue that conditions for a sustained US Dollar rebound re
2026-02-24,USD,NewsAPI (The Times of India),"Sakri, Raiyam sugar mills to be revived",https://timesofindia.indiatimes.com/city/patna/sakri-raiyam-sugar-mills-to-be-revived/articleshow/128726472.cms,0.33,Patna: State’s cooperative department on Monday signed a memorandum of understanding (MoU) with the 
2026-02-24,USD,NewsAPI (CNA),Crypto.com gets conditional US approval for national trust bank charter,https://www.channelnewsasia.com/business/cryptocom-gets-conditional-us-approval-national-trust-bank-charter-5948021,0.33,Feb 23 : Crypto.com said on Monday it has received conditional approval from the Office of the Compt
2026-02-24,USD,NewsAPI (Financial Post),"Omers Earns 6% as Stock Gains Offset Losses From PE, US Dollar",https://financialpost.com/pmn/business-pmn/omers-earns-6-as-stock-gains-offset-losses-from-pe-us-dollar,0.33,Ontario Municipal Employees Retirement System returned 6% last year after gains from stock holdings 
2026-02-24,USD,NewsAPI (Financial Post),"OMERS earns 6% as stock gains offset losses from private equity, U.S. dollar",https://financialpost.com/fp-finance/omers-stock-gains-offset-losses-pe-us-dollar,0.33,OMERS returned 6% last year after gains from stock holdings and private credit more than offset priv
2026-02-24,USD,Yahoo Finance,"Walmart, Dollar Stores Beat Traditional Grocers' Reach As Affordability Crunch Intensifies, Report Finds",https://finance.yahoo.com/news/walmart-dollar-stores-beat-traditional-133039370.html,0.33,
2026-02-28,USD,FXStreet,"Breaking: US and Israel attack Iran, risk aversion to sweep global markets",https://www.fxstreet.com/news/breaking-us-and-israel-attack-iran-risk-aversion-to-sweep-global-markets-202602280856,0.33,"Early Saturday, United States (US) President Donald Trump announced that the US had begun “major com"
2026-02-28,USD,Yahoo Finance,"Dollar Tree, Inc. (DLTR): A Bull Case Theory",https://finance.yahoo.com/news/dollar-tree-inc-dltr-bull-195704629.html,0.33,
2026-02-28,USD,NewsAPI (BusinessLine),Rupee falls 8 paise to settle at 90.99 against US dollar,https://www.thehindubusinessline.com/markets/forex/rupee-falls-8-paise-to-settle-at-9099-against-us-dollar/article70683777.ece,0.33,The rupee declined 8 paise to settle at 90.99 (provisional) against the US dollar on Friday weighed 
2026-02-28,USD,NewsAPI (Financial Post),Fairfax Completes C$650 Million Senior Notes Offering,https://financialpost.com/globe-newswire/fairfax-completes-c650-million-senior-notes-offering,0.33,"Not for distribution to U.S. news wire services or dissemination in the United States. TORONTO, Feb."
2026-02-28,USD,NewsAPI (GlobeNewswire),Fairfax Completes C$650 Million Senior Notes Offering,https://www.globenewswire.com/news-release/2026/02/27/3246501/0/en/Fairfax-Completes-C-650-Million-Senior-Notes-Offering.html,0.33,"Not for distribution to U.S. news wire services or dissemination in the United States. TORONTO, Feb."
2026-02-28,USD,NewsAPI (GlobeNewswire),Endeavour Silver Announces Q4 2025 Financial Results; Earnings Call at 10AM PST (1PM EST) Today,https://www.globenewswire.com/news-release/2026/02/27/3246413/0/en/Endeavour-Silver-Announces-Q4-2025-Financial-Results-Earnings-Call-at-10AM-PST-1PM-EST-Today.html,0.33,"VANCOUVER, British Columbia, Feb. 27, 2026 (GLOBE NEWSWIRE) -- Endeavour Silver Corp. (“Endeavour” o"
2026-02-28,USD,NewsAPI (Github.com),Show HN: Caddy plugin that charges AI crawlers real USDC to access your site,https://github.com/paolobietolini/caddy-x402,0.33,"Hello, I built a Caddy middleware that implements the x402 protocol (by Coinbase) to charge AI crawl"
2026-02-27,USD,ForexLive,"investingLive Americas FX news wrap 27 Feb: Inflation, credit stress, & geopolitics weigh",https://investinglive.com/news/investinglive-americas-fx-news-wrap-27-feb-inflation-credit-stress-geopolitics-weigh-20260227/,0.33,Major US stock indices close lower. S&P and NASDAQ index down for the monthWhy private equity stocks
2026-02-27,USD,ForexLive,Atlanta Fed GDPNow growth estimate for Q1 3.0% versus 3.1% last,https://investinglive.com/news/atlanta-fed-gdpnow-growth-estimate-for-q1-30-versus-31-last-20260227/,0.33,The Atlanta Fed GDPNow growth estimate for Q1 dipped to 3.0% from 3.1% last. In their own wordsThe G
2026-02-27,USD,ForexLive,Iran strikes loom large over today's trade,https://investinglive.com/news/iran-strikes-loom-large-over-todays-trade-20260227/,0.33,"There is no sense over-analyzing price action today across markets. Yes, there is the usual software"
2026-02-27,USD,ForexLive,investingLive Asia-Pacific FX news wrap: PBoC cools yuan gains,https://investinglive.com/news/investinglive-asia-pacific-fx-news-wrap-pboc-cools-yuan-gains-20260227/,0.5,Japan’s Katayama flags FX “urgency” as Takaichi fiscal push keeps yen pressuredUSD/CNY rebounds as P
2026-02-27,USD,FXStreet,"Gold hits $5,260 as war jitters, trade tension rattle markets",https://www.fxstreet.com/news/gold-hits-5-260-as-war-jitters-trade-tension-rattle-markets-202602272103,0.33,A red-hot inflation report in the United States and rising tensions between the latter and Iran push
2026-02-27,USD,FXStreet,DXY slips as hot PPI stokes stagflation fears,https://www.fxstreet.com/news/dxy-slips-as-hot-ppi-stokes-stagflation-fears-202602271924,0.67,"DXY fell about 0.2% on Friday, grinding back into 97.60 after a hotter-than-expected Producer Price "
2026-02-27,USD,FXStreet,"GBP/USD slips as US PPI lifts US Dollar, Middle East risks rise",https://www.fxstreet.com/news/gbp-usd-slips-as-us-ppi-lifts-usd-mid-east-risks-rise-202602271845,1.0,The Pound Sterling (GBP) drops some 0.10% on Friday as the Greenback is underpinned by a hot inflati
2026-02-27,USD,FXStreet,AUD/USD holds firm as US Dollar retreats despite firm PPI,https://www.fxstreet.com/news/aud-usd-holds-firm-as-us-dollar-retreats-despite-firm-ppi-202602271828,0.67,The Australian Dollar (AUD) trades flat against the US Dollar (USD) on Friday as the Greenback rever
2026-02-27,USD,FXStreet,"NZD/USD advances as US Dollar softens, supported by RBNZ growth outlook",https://www.fxstreet.com/news/nzd-usd-advances-as-us-dollar-softens-supported-by-rbnz-growth-outlook-202602271706,1.0,"NZD/USD trades around 0.6000 on Friday at the time of writing, up 0.19% on the day, benefiting from "
2026-02-27,USD,FXStreet,"USD/JPY slips as US PPI beats expectations, BoJ tightening bolsters Yen",https://www.fxstreet.com/news/usd-jpy-slips-as-us-ppi-beats-expectations-boj-tightening-bolsters-yen-202602271555,0.67,"USD/JPY hovers around 156.00 on Friday at the time of writing, down 0.08% on the day, despite the re"
2026-02-27,USD,FXStreet,"Gold rises above $5,200 as US-Iran tensions bolster safe-haven appeal",https://www.fxstreet.com/news/gold-consolidates-below-5-200-as-traders-weigh-geopolitics-fed-rate-outlook-202602271206,0.5,"Gold (XAU/USD) trades slightly higher on Friday, pressing against the upper boundary of this week’s "
2026-02-27,USD,FXStreet,"Silver surges past $91 as hot PPI, tariffs stoke inflation fears",https://www.fxstreet.com/news/silver-surges-past-91-as-hot-ppi-tariffs-stoke-inflation-fears-202602271459,0.67,Silver price (XAG/USD) extends its gains for the third consecutive day on Friday after the latest in
2026-02-27,USD,FXStreet,US Dollar Index (DXY) eases despite stronger-than-expected US PPI,https://www.fxstreet.com/news/us-dollar-index-dxy-eases-despite-stronger-than-expected-us-ppi-202602271440,0.33,"The US Dollar Index (DXY), which tracks the Greenback's value against a basket of six major currenci"
2026-02-27,USD,FXStreet,US: Jobs data and Fed timing – ING,https://www.fxstreet.com/news/us-jobs-data-and-fed-timing-ing-202602271425,0.67,"ING’s James Knightley expects upcoming US ISM surveys to soften from January’s strength, reflecting "
2026-02-27,USD,FXStreet,"USD/CAD holds steady as US PPI beats forecasts, Canadian GDP contracts",https://www.fxstreet.com/news/usd-cad-holds-steady-as-us-ppi-beats-forecasts-canadian-gdp-contracts-202602271414,0.67,"USD/CAD trades around 1.3680 at the time of writing on Friday, virtually unchanged on the day, as in"
2026-02-27,USD,FXStreet,USD: Sideways trading persists on soft data backdrop – BBH,https://www.fxstreet.com/news/usd-sideways-trading-persists-on-soft-data-backdrop-bbh-202602271348,0.67,Brown Brothers Harriman’s (BBH) Elias Haddad notes the US Dollar is trading sideways as a lack of po
2026-02-27,USD,FXStreet,US annual PPI inflation declines to 2.9% in January vs. 2.6% expected,https://www.fxstreet.com/news/us-annual-ppi-inflation-declines-to-29-in-january-vs-26-expected-202602271339,0.33,"Producer inflation in the United States, as measured by the change in the Producer Price Index (PPI)"
2026-02-27,USD,NewsAPI (BusinessLine),Rupee dips 1 paisa to settle at 90.92 against US dollar,https://www.thehindubusinessline.com/markets/forex/rupee-dips-1-paisa-to-settle-at-9092-against-us-dollar/article70679336.ece,0.33,"The rupee slipped 1 paisa to settle at 90.92 (provisional) against the US dollar on Thursday, weighe"
2026-02-27,USD,NewsAPI (newsBTC),Dogecoin (DOGE) Strengthens as Altcoin Rally Signals Renewed Risk Appetite,http://www.newsbtc.com/analysis/doge/dogecoin-doge-strengthens-0-10/,0.33,Dogecoin started a major increase above $0.10 against the US Dollar. DOGE is now consolidating and m
2026-02-27,USD,NewsAPI (BusinessLine),Rupee rises 6 paise to 90.85 against US dollar in early trade,https://www.thehindubusinessline.com/markets/forex/rupee-rises-6-paise-to-9085-against-us-dollar-in-early-trade/article70678254.ece,0.33,"At the interbank foreign exchange, the rupee opened at 90.86 against the greenback before inching up"
2026-02-27,USD,NewsAPI (The Times of India),Rupee rises 6 paise to 90.85 against US dollar in early trade,https://economictimes.indiatimes.com/markets/forex/forex-news/rupee-rises-6-paise-to-90-85-against-us-dollar-in-early-trade/articleshow/128802021.cms,0.33,"The rupee strengthened by 6 paise to 90.85 against the US dollar in early trade on Thursday, driven "
2026-02-27,USD,NewsAPI (Livemint),How money moved out of BookMyForex cards as customers scrambled for answers,https://www.livemint.com/industry/banking/forex-card-fraud-yes-bank-bookmyforex-money-lost-refund-11772022924786.html,0.33,Customers slept while their money was spent in Brazil. BookMyForex cards saw balances drained overni
2026-02-27,USD,NewsAPI (Financial Post),Pembina Pipeline Corporation Reports Results for the Fourth Quarter of 2025 and Provides Business Update,https://financialpost.com/pmn/business-wire-news-releases-pmn/pembina-pipeline-corporation-reports-results-for-the-fourth-quarter-of-2025-and-provides-business-update,0.33,All financial figures are in Canadian dollars unless otherwise noted. This news release refers to ce
2026-02-27,USD,NewsAPI (Financial Post),Headwater Gold Announces Private Placement of Common Shares for Gross Proceeds of up to $5 Million,https://financialpost.com/globe-newswire/headwater-gold-announces-private-placement-of-common-shares-for-gross-proceeds-of-up-to-5-million,0.33,NOT FOR DISTRIBUTION TO UNITED STATES NEWSWIRE SERVICES OR FOR DISSEMINATION IN THE UNITED STATES VA
2026-02-25,USD,ForexLive,"Australian January CPI 3.8% y/y (expected 3.7%, prior 3.8%)",https://investinglive.com/news/australian-january-cpi-38-yy-expected-37-prior-38-20260225/,0.33,"This is just a post for data, I'll have details and analysis posted separately. Here we go, added:Au"
2026-02-25,USD,FXStreet,Fed’s Musalem: Looking forward to learning what Warsh's priorities might be,https://www.fxstreet.com/news/feds-musalem-looking-forward-to-learning-what-warshs-priorities-might-be-202602252010,0.67,St. Louis Federal Reserve (Fed) President Alberto Musalem claimed that inflation is almost a full pe
2026-02-25,USD,FXStreet,USD/ZAR: Range floor at risk as ZAR richens – Societe Generale,https://www.fxstreet.com/news/usd-zar-range-floor-at-risk-as-zar-richens-societe-generale-202602251958,0.5,Societe Generale analysts flag that USD/ZAR remains in a sideways consolidation but warn that failur
2026-02-25,USD,FXStreet,"USD/CHF Price Forecast: Consolidates in bearish triangle, threatens breakdown",https://www.fxstreet.com/news/usd-chf-price-forecast-consolidates-in-bearish-triangle-threatens-breakdown-202602251940,0.5,"USD/CHF extends its losses for the second consecutive trading day, down 0.14%, yet it remains tradin"
2026-02-25,USD,FXStreet,XAG/USD surges above $90 as tariff fears temper and supply deficit fuels rally,https://www.fxstreet.com/news/xag-usd-surges-above-90-as-tariff-fears-temper-and-supply-deficit-fuels-rally-202602251934,0.5,"XAG/USD surged about 4% on Tuesday, rallying sharply to close near $91 in a session driven by renewe"
2026-02-25,USD,FXStreet,AUD/USD jumps as hot CPI fuels RBA tightening bets,https://www.fxstreet.com/news/aud-usd-jumps-as-hot-cpi-fuels-rba-tightening-bets-202602251909,0.67,"The Australian Dollar (AUD) rallies over 0.80% against the US Dollar on Wednesday, courtesy of a red"
2026-02-25,USD,FXStreet,"Gold reclaims $5,200 on trade jitters and Fed cut bets",https://www.fxstreet.com/news/gold-reclaims-5-200-on-trade-jitters-and-fed-cut-bets-202602251810,1.0,Gold prices rise over 1% on Wednesday amid uncertainty on US trade policies and expectations that th
2026-02-25,USD,FXStreet,Fed’s Schmid: Politics do not enter Fed policy debates,https://www.fxstreet.com/news/feds-schmid-politics-do-not-enter-fed-policy-debates-202602251752,0.67,"Jeffrey Schmid, President of the Federal Reserve Bank of Kansas City, said on Wednesday that the Fed"
2026-02-25,USD,FXStreet,USD/JPY advances as Japanese Yen falters on reduced BoJ tightening confidence,https://www.fxstreet.com/news/usd-jpy-advances-as-japanese-yen-falters-on-reduced-boj-tightening-confidence-202602251727,0.67,"USD/JPY trades around 156.30 on Wednesday at the time of writing, up 0.26% on the day, as the Japane"
2026-02-25,USD,FXStreet,NZD/USD climbs on weaker US Dollar following Trump’s State of Union speech,https://www.fxstreet.com/news/nzd-usd-climbs-on-weaker-us-dollar-following-trumps-state-of-the-union-202602251606,0.67,"NZD/USD trades around 0.5980 on Wednesday at the time of writing, up 0.27% on the day and extending "
2026-02-25,USD,FXStreet,GBP/USD climbs as US Dollar stalls amid trade uncertainty,https://www.fxstreet.com/news/gbp-usd-climbs-as-usd-stalls-amid-trade-uncertainty-202602251528,0.67,The Pound Sterling (GBP) advances during the North American session on Wednesday as the Greenback re
2026-02-25,USD,FXStreet,"Gold consolidates as investors weigh US tariffs, Iran talks and Fed outlook",https://www.fxstreet.com/news/gold-consolidates-as-investors-weigh-us-tariffs-iran-talks-and-fed-outlook-202602251153,0.67,"Gold (XAU/USD) stages a modest rebound on Wednesday, trimming part of the previous day’s losses as f"
2026-02-25,USD,FXStreet,"Silver Price Forecast: RSI recovers above 50, upside bias builds",https://www.fxstreet.com/news/silver-price-forecast-rsi-recovers-above-50-upside-bias-builds-202602241245,0.5,"Silver (XAG/USD) gains traction on Wednesday after coming under modest pressure on the previous day,"
2026-02-25,USD,FXStreet,GBP/USD: Rich valuation under rising BoE cut risk – HSBC,https://www.fxstreet.com/news/gbp-usd-rich-valuation-under-rising-boe-cut-risk-hsbc-202602251435,0.5,HSBC Global Research argues that GBP/USD looks expensive versus rate differentials as markets increa
2026-02-25,USD,FXStreet,"Silver rises sharply on safe-haven demand amid trade, geopolitical risks",https://www.fxstreet.com/news/silver-rises-sharply-on-safe-haven-demand-amid-trade-geopolitical-risks-202602251423,0.5,"Silver (XAG/USD) accelerates on Wednesday and trades around $90.70 at the time of writing, up 3.90% "
2026-02-25,USD,FXStreet,US: Confidence improves as Fed stays cautious – DBS,https://www.fxstreet.com/news/us-confidence-improves-as-fed-stays-cautious-dbs-202602251408,0.33,DBS Group Research highlights that Boston Fed President Susan Collins signalled US interest rates ar
2026-02-25,USD,FXStreet,USD/CHF climbs as shifting Fed outlook supports the Greenback,https://www.fxstreet.com/news/usd-chf-climbs-as-shifting-fed-outlook-supports-the-greenback-202602251253,1.0,"USD/CHF edges higher on Wednesday, drawing support from a firmer US Dollar, which is exerting pressu"
2026-02-25,USD,FXStreet,"AUD/USD rises on robust inflation data, boosting RBA tightening bets",https://www.fxstreet.com/news/aud-usd-rises-on-robust-inflation-data-boosting-rba-tightening-bets-202602251239,0.5,"AUD/USD trades around 0.7090 on Wednesday at the time of writing, up 0.42% on the day, supported by "
2026-02-25,USD,MarketWatch,Trump digs in his heels on tariffs — with major implications for the U.S. dollar,https://www.marketwatch.com/story/trump-digs-in-his-heels-on-tariffs-with-major-implications-for-the-u-s-dollar-6b31badd?mod=mw_rss_topstories,0.33,Market strategists weighed in on President Donald Trump’s State of the Union address late Tuesday an
2026-02-25,USD,NewsAPI (BusinessLine),Rupee declines 6 paise to settle at 90.95 against US dollar,https://www.thehindubusinessline.com/markets/forex/rupee-declines-6-paise-to-settle-at-9095-against-us-dollar/article70670796.ece,0.33,A sharp fall in domestic equity markets and uncertainties over the India-US trade deal further press
2026-02-25,USD,NewsAPI (newsBTC),Dogecoin (DOGE) Dips Into Red as Bearish Pressure Quietly Builds Today,http://www.newsbtc.com/analysis/doge/dogecoin-doge-dips-into-red-0-10/,0.33,Dogecoin started a fresh decline below the $0.10 zone against the US Dollar. DOGE is now consolidati
2026-02-25,USD,NewsAPI (BusinessLine),Rupee falls 7 paise to 90.96 against the US dollar in early trade,https://www.thehindubusinessline.com/markets/forex/rupee-falls-7-paise-to-9096-against-the-us-dollar-in-early-trade/article70669787.ece,0.33,"Rupee drops 7 paise to 90.96 against the dollar amid rising crude prices and weak equity markets, bu"
2026-02-25,USD,NewsAPI (The Times of India),Rupee falls 7 paise to 90.96 against the US dollar in early trade,https://economictimes.indiatimes.com/markets/forex/forex-news/rupee-falls-7-paise-to-90-96-against-the-us-dollar-in-early-trade/articleshow/128739851.cms,0.33,"The Indian Rupee experienced a dip of 7 paise against the US Dollar, trading at 90.96 in early trade"
2026-02-25,USD,NewsAPI (Opensea.io),Banks are testing a new type of crypto dollar called stablecoins. Here’s what that means for consumers,https://opensea.io/blog/articles/stablecoins-for-consumers,0.67,"OpenSea reports banks are testing stablecoins, digital tokens pegged to the USD, to enhance payment "
2026-02-25,USD,NewsAPI (GlobeNewswire),21shares Launches Spot Sui ETF (TSUI) in the United States,https://www.globenewswire.com/news-release/2026/02/24/3243733/0/en/21shares-Launches-Spot-Sui-ETF-TSUI-in-the-United-States.html,0.33,U.S. spot ETF expands regulated access to the Sui ecosystem as institutional momentum accelerates U.
2026-02-25,USD,ForexLive,"IMF’s Georgieva says tariffs lifted US goods inflation, backs Fed rate at 3.25%–3.5%",https://investinglive.com/news/imfs-georgieva-says-tariffs-lifted-us-goods-inflation-backs-fed-rate-at-32535-20260225/,0.33,"IMF’s Georgieva says tariffs lifted goods inflation, backs gradual Fed easing and deficit action.Sum"
2026-02-25,USD,ForexLive,"IMF sees US growth at 2.4% in 2026, urges deficit cuts as debt heads to 140% GDP",https://investinglive.com/news/imf-sees-us-growth-at-24-in-2026-urges-deficit-cuts-as-debt-heads-to-140-gdp-20260225/,0.67,IMF sees solid US growth but warns rising deficits and debt heighten vulnerabilities.Summary:IMF com
2026-02-25,USD,ForexLive,investingLive Americas FX news wrap 25 Feb: The USD moves lower ahead of Nvidia earnings,https://investinglive.com/news/investinglive-americas-fx-news-wrap-25-feb-the-usd-moves-lower-ahead-of-nvidia-earnings-20260225/,0.67,Major US indices close higher for the 2nd consecutive dayBank of Japan Governor Ueda says will exami
2026-02-25,USD,FXStreet,Forex Today: Australian Dollar surges to two-week highs after strong CPI data,https://www.fxstreet.com/news/forex-today-australian-dollar-surges-to-two-week-highs-after-strong-cpi-data-202602252044,0.33,The Australian Dollar (AUD) skyrocketed to near a two-week high after a hotter-than-expected January
2026-02-25,USD,FXStreet,USD/CNY: Watching fix as downside bias persists – OCBC,https://www.fxstreet.com/news/usd-cny-watching-fix-as-downside-bias-persists-ocbc-202602252042,0.67,OCBC strategists Sim Moh Siong and Christopher Wong note recent RMB strength as USD/CNY fell sharply
2026-03-01,USD,NewsAPI (The Times of India),New era of trade volatility: What the court’s decision and Trump’s tariff pivot mean for commodities,https://economictimes.indiatimes.com/markets/stocks/news/new-era-of-trade-volatility-what-the-courts-decision-and-trumps-tariff-pivot-mean-for-commodities/articleshow/128875195.cms,0.33,"The U.S. Supreme Court blocked Donald Trump’s sweeping tariffs under IEEPA, but his swift 15% global"
2026-03-01,USD,NewsAPI (The Times of India),US dollar heads for first monthly gain since October,https://economictimes.indiatimes.com/markets/forex/us-dollar-heads-for-first-monthly-gain-since-october/articleshow/128874916.cms,0.33,"The U.S. dollar is poised for its first monthly gain since October, despite a midday retreat from ea"
2026-02-26,USD,ForexLive,Nvidia shares fall nearly 5% and risk trades roll over,https://investinglive.com/news/nvidia-shares-fall-nearly-5-and-risk-trades-roll-over-20260226/,0.5,Nvidia put its best foot forward with a big earnings beat but it isn't enough for the market. Shares
2026-02-26,USD,ForexLive,Canada Q4 current account deficit $0.71B vs $7.71B expected,https://investinglive.com/news/canada-q4-current-account-deficit-071b-vs-771b-expected-20260226/,0.33,Prior was -$9.68 (revised to -$5.27B)14th consecutive quarter of current account deficitsTrade in go
2026-02-26,USD,FXStreet,"USD/CHF Price Forecast: Rebounds on firm USD, targets 0.7800",https://www.fxstreet.com/news/usd-chf-price-forecast-rebounds-on-firm-usd-targets-07800-202602262005,0.5,"USD/CHF recovers some ground on Thursday, rising some 0.19% as the Greenback appreciates and bounces"
2026-02-26,USD,FXStreet,Fed’s Goolsbee: I want us to be careful,https://www.fxstreet.com/news/feds-goolsbee-i-want-us-to-be-careful-202602261958,0.67,"Austan Goolsbee, President of the Federal Reserve Bank of Chicago, said interest rates can come down"
2026-02-26,USD,FXStreet,Silver Price Forecast: XAG/USD slides amid a firm US Dollar,https://www.fxstreet.com/news/silver-price-forecast-xag-usd-slides-amid-a-firm-us-dollar-202602261911,0.67,"Silver (XAG/USD) price loses its brightness on Thursday, moving in the opposite direction of Gold, w"
2026-02-26,USD,FXStreet,"Gold holds above $5,170 as Iran tensions offset a firm USD",https://www.fxstreet.com/news/gold-holds-above-5-170-as-iran-tensions-offset-a-firm-usd-202602261832,0.33,Gold price stays firm on Thursday during the North American session as geopolitical tensions remain 
2026-02-26,USD,FXStreet,"AUD/USD declines on USD strength, hawkish RBA outlook sustains",https://www.fxstreet.com/news/aud-usd-declines-on-usd-strength-hawkish-rba-outlook-sustains-202602261815,0.67,AUD/USD trades with a negative bias on Thursday as broad-based US Dollar (USD) strength weighs on th
2026-02-26,USD,FXStreet,"USD/JPY retreats after two-day rise amid US labor resilience, BoJ rate hike hints",https://www.fxstreet.com/news/usd-jpy-retreats-after-two-day-rise-amid-us-labor-resilience-boj-rate-hike-hints-202602261657,0.5,"USD/JPY trades around 156.20 on Thursday at the time of writing, down 0.15% on the day, slightly cor"
2026-02-26,USD,FXStreet,USD/JPY: Watching 152–159.50 range break – Scotiabank,https://www.fxstreet.com/news/usd-jpy-watching-152-15950-range-break-scotiabank-202602261614,0.67,Scotiabank strategists Shaun Osborne and Eric Theoret note modest Japanese Yen gains versus the Doll
2026-02-26,USD,FXStreet,GBP/USD slips as firm US jobless claims offset BoE cut bets,https://www.fxstreet.com/news/gbp-usd-slips-as-firm-us-jobless-claims-offsets-boe-cut-bets-202602261559,0.5,The Pound Sterling (GBP) retreats over 0.11% on Thursday as the Greenback remains steady following a
2026-02-26,USD,FXStreet,"Gold steadies as USD gains, geopolitical risks cap downside",https://www.fxstreet.com/news/gold-holds-steady-as-us-iran-nuclear-talks-and-trade-tensions-shape-outlook-202602261201,0.67,"Gold (XAU/USD) gives up earlier intraday gains on Thursday, coming under modest pressure as the US D"
2026-02-26,USD,FXStreet,USD/CAD rises toward 1.3700 as US Dollar trims earlier weakness,https://www.fxstreet.com/news/usd-cad-rises-toward-13700-as-us-dollar-trims-earlier-weakness-202602261524,0.67,The Canadian Dollar (CAD) pares earlier gains against the US Dollar (USD) on Thursday as the Greenba
2026-02-26,USD,FXStreet,"US: Midterms, Fed leadership and USD risk – TD Securities",https://www.fxstreet.com/news/us-midterms-fed-leadership-and-usd-risk-td-securities-202602261511,1.0,TD Securities argues US political dynamics will shape Dollar and EMFX performance into 2026.
2026-02-26,USD,FXStreet,Fed’s Miran: The Fed should cut a percentage point this year,https://www.fxstreet.com/news/feds-miran-the-fed-should-cut-a-percentage-point-this-year-202602261449,0.67,Federal Reserve (Fed) Governor Stephen Miran said that he has not seen anything worrisome yet in pri
2026-02-26,USD,FXStreet,AUD/USD: Positive AUD theme despite fading risk – BNY,https://www.fxstreet.com/news/aud-usd-positive-aud-theme-despite-fading-risk-bny-202602261446,0.67,BNY’s Head of Markets Macro Strategy Bob Savage flags AUD/USD as another Dollar-positive rebalancing
2026-02-26,USD,FXStreet,"USD/CHF rebounds after consecutive losses amid US labor data, safe-haven flows",https://www.fxstreet.com/news/usd-chf-rebounds-after-consecutive-losses-amid-us-labor-data-safe-haven-flows-202602261410,0.67,"USD/CHF trades around 0.7740 on Thursday at the time of writing, up 0.15% on the day, snapping a ser"
2026-02-26,USD,FXStreet,Fed: Steady policy with later cuts – TD Securities,https://www.fxstreet.com/news/fed-steady-policy-with-later-cuts-td-securities-202602261406,0.67,TD Securities’ Oscar Munoz and Eli Nir argue that a stable US labor market and contained inflation s
2026-02-26,USD,MarketWatch,"No Fed, no safety net: Why private credit’s first real recession will be its moment of truth",https://www.marketwatch.com/story/private-credit-managers-are-betting-your-money-on-a-market-that-has-never-been-truly-stress-tested-b65546a6?mod=mw_rss_topstories,0.33,Private credit is easy to enter but hard to exit. Retail investors seeking fast cash could trigger a
2026-02-26,USD,MarketWatch,These increasingly popular loans can save you thousands of dollars in interest — or double your debt. Here’s when they work.,https://www.marketwatch.com/story/these-increasingly-popular-loans-can-save-you-thousands-of-dollars-in-interest-or-double-your-debt-heres-when-they-work-79649449?mod=mw_rss_topstories,0.33,"A personal loan can be a powerful tool for consolidating high-interest debt, but it’s far from a cur"
2026-02-26,USD,Yahoo Finance,Dollar Slips on Yuan Strength and US Trade Uncertainty,https://finance.yahoo.com/news/dollar-slips-yuan-strength-us-153103527.html,0.33,
2026-02-26,USD,NewsAPI (BusinessLine),Yes Bank flags $0.28 million forex card fraud in Latin America,https://www.thehindubusinessline.com/money-and-banking/yes-bank-flags-028-million-forex-card-fraud-in-latin-america/article70677098.ece,0.33,"Around 5,000 customers were potentially affected, but the bank’s monitoring system successfully bloc"
2026-02-26,USD,NewsAPI (BusinessLine),Rupee settles 1 paisa lower at 90.96 against US dollar,https://www.thehindubusinessline.com/markets/forex/rupee-settles-1-paisa-lower-at-9096-against-us-dollar/article70675222.ece,0.33,"Rupee settles at 90.96 against the dollar, influenced by crude oil prices and foreign fund flows."
2026-02-26,USD,NewsAPI (Livemint),"BookMyForex denies data leak claims, says customer funds are safe",https://www.livemint.com/companies/news/bookmyforex-yes-bank-prepaid-forex-cards-11771995565127.html,0.33,The clarification comes after a report on Wednesday flagged allegedly unauthorised transactions in U
2026-02-26,USD,NewsAPI (newsBTC),Solana (SOL) Recovery Shows Strength After Breaking Initial Resistance Level,http://www.newsbtc.com/analysis/solana-sol-recovery-shows-strength-82/,0.33,Solana failed to settle above $85 and trimmed some gains. SOL price is now recovering losses from $7
2026-02-26,USD,NewsAPI (BusinessLine),Rupee rises 6 paise to 90.89 against US dollar in early trade,https://www.thehindubusinessline.com/markets/forex/rupee-rises-6-paise-to-9089-against-us-dollar-in-early-trade/article70674147.ece,0.33,The rupee gained 6 paise to 90.89 against the US dollar in early trade on Wednesday aided by a weake
2026-02-28,SEK,NewsAPI (GlobeNewswire),"Sweden Prepaid Card and Digital Wallet Intelligence Databook Report 2026: A $9.96 Billion Market by 2030 - Market Dynamics, Size and Forecast, and Share Statistics 2021-2030",https://www.globenewswire.com/news-release/2026/02/27/3246377/28124/en/Sweden-Prepaid-Card-and-Digital-Wallet-Intelligence-Databook-Report-2026-A-9-96-Billion-Market-by-2030-Market-Dynamics-Size-and-Forecast-and-Share-Statistics-2021-2030.html,0.33,Sweden's prepaid card and digital wallet market shows growth opportunities in varied sectors such as
2026-02-27,SEK,FXStreet,Sweden: Gradual improvement with elevated unemployment – Nordea,https://www.fxstreet.com/news/sweden-gradual-improvement-with-elevated-unemployment-nordea-202602271548,0.67,"Nordea’s Anna Westlund reports that Swedish employment has been rising since early 2025, with BAS an"
2026-02-25,SEK,FXStreet,PLN: Dovish NBP and rate-cut debate – ING,https://www.fxstreet.com/news/pln-dovish-nbp-and-rate-cut-debate-ing-202602251912,0.33,ING’s Frantisek Taborsky reports that NBP Governor Glapinski and council member Litwiniuk signalled 
2026-02-25,SEK,FXStreet,Sweden: Soft services inflation keep Riksbank cautious – Nordea,https://www.fxstreet.com/news/sweden-soft-services-inflation-keep-riksbank-cautious-nordea-202602251632,1.0,Nordea’s Torbjörn Isaksson notes that Swedish January CPIF and CPIF ex energy matched flash estimate
2026-02-26,SEK,FXStreet,Czech Republic: Fiscal stance stays only slightly looser – ING,https://www.fxstreet.com/news/czech-republic-fiscal-stance-stays-only-slightly-looser-ing-202602261802,0.33,ING analysts Frantisek Taborsky and David Havrlant say Czech fiscal policy has loosened only margina
2026-02-24,MXN,Yahoo Finance,Chipotle Mexican Grill Stock: Analyst Estimates & Ratings,https://finance.yahoo.com/news/chipotle-mexican-grill-stock-analyst-124210963.html,0.33,
2026-02-27,MXN,FXStreet,MXN: Policy easing signals and resilient currency – Societe Generale,https://www.fxstreet.com/news/mxn-policy-easing-signals-and-resilient-currency-societe-generale-202602271514,1.0,Societe Generale analysts note that Deputy Governor Galia Borja signaled Banxico has room to resume 
2026-02-24,EUR,ForexLive,investingLive European FX news wrap: JPY down as Takaichi opposes further BoJ rate hikes,https://investinglive.com/news/investinglive-european-fx-news-wrap-jpy-down-as-takaichi-opposes-further-boj-rate-hikes-20260224/,0.67,"Fed's Bostic: even with rising productivity, the Fed needs to keep focus on inflationMacro and geopo"
2026-02-24,EUR,ForexLive,What are the main events for today?,https://investinglive.com/news/what-are-the-main-events-for-today-20260224/,1.0,"EUROPEAN SESSIONIn the European session, we don't have much on the agenda other than the French busi"
2026-02-24,EUR,ForexLive,investingLive Americas FX news wrap 23 Feb: USD is mixed as markets react to tariff news,https://investinglive.com/news/investinglive-americas-fx-news-wrap-23-feb-usd-is-mixed-as-markets-react-to-tariff-news-20260223/,0.67,Major US stock indices close lower as markets ponder uncertainty from tariffsRBA Economist Plumb Foc
2026-02-24,EUR,ForexLive,European Parliament postpones vote on EU-US trade deal - report,https://investinglive.com/news/european-parliament-postpones-vote-on-eu-us-trade-deal-report-20260223/,0.67,Everything about how Europe has negotiated tariffs has been a disaster. They were the one jurisdicti
2026-02-24,EUR,FXStreet,EUR/USD: Supreme Court tariff ruling and Fed speaker lineup drive midweek volatility,https://www.fxstreet.com/news/eur-usd-supreme-court-tariff-ruling-and-fed-speaker-lineup-drive-midweek-volatility-202602241600,0.67,The Euro (EUR) is trading near the 1.1775 level on Tuesday after recovering from a one-month low las
2026-02-24,EUR,FXStreet,European gas: Weather relief but new risks – Commerzbank,https://www.fxstreet.com/news/european-gas-weather-relief-but-new-risks-commerzbank-202602241506,0.67,Commerzbank’s Norman Liebke notes European gas prices have stabilized as milder weather reduces with
2026-02-24,EUR,NewsAPI (GlobeNewswire),Galapagos Reports Full Year 2025 Financial Results and Provides Fourth Quarter Business Update,https://www.globenewswire.com/news-release/2026/02/23/3243014/0/en/Galapagos-Reports-Full-Year-2025-Financial-Results-and-Provides-Fourth-Quarter-Business-Update.html,0.67,"Mechelen, Belgium; February 23, 2026, 22:01 CET; regulated information – Galapagos NV (Euronext & NA"
2026-02-28,EUR,NewsAPI (Financial Post),Ipsen receives positive CHMP opinion for Ojemda® for the treatment as monotherapy of children with relapsed or refractory BRAF-altered pediatric low-grade glioma,https://financialpost.com/globe-newswire/ipsen-receives-positive-chmp-opinion-for-ojemda-for-the-treatment-as-monotherapy-of-children-with-relapsed-or-refractory-braf-altered-pediatric-low-grade-glioma,0.67,"If approved, Ojemda® (tovorafenib) is expected to be the first and only targeted medicine in Europea"
2026-02-28,EUR,NewsAPI (GlobeNewswire),Ipsen receives positive CHMP opinion for Ojemda® for the treatment as monotherapy of children with relapsed or refractory BRAF-altered pediatric low-grade glioma,https://www.globenewswire.com/news-release/2026/02/27/3246394/0/en/Ipsen-receives-positive-CHMP-opinion-for-Ojemda-for-the-treatment-as-monotherapy-of-children-with-relapsed-or-refractory-BRAF-altered-pediatric-low-grade-glioma.html,0.67,"PARIS, FRANCE, 27 FEBRUARY 2026 - Ipsen (Euronext: IPN; ADR: IPSEY) announced today that the Committ"
2026-02-27,EUR,ForexLive,Germany February preliminary CPI +1.9% vs +2.0% y/y expected,https://investinglive.com/news/germany-february-preliminary-cpi-19-vs-20-yy-expected-20260227/,0.33,Prior +2.1%HICP +2.0% vs +2.1% y/y expectedPrior +2.1%Core CPI Y/Y +2.5% vs +2.5% priorWe have sligh
2026-02-27,EUR,ForexLive,"investingLive European markets wrap: Dollar steady, risk trades on edge amid cautious mood",https://investinglive.com/news/investinglive-european-markets-wrap-dollar-steady-risk-trades-on-edge-amid-cautious-mood-20260227/,0.67,"Headlines:Gold remains supported amid US-Iran uncertainty, but downside risks linger with NFP nextOi"
2026-02-27,EUR,ForexLive,Spain February preliminary CPI +2.3% vs +2.2% y/y expected,https://investinglive.com/news/spain-february-preliminary-cpi-23-vs-22-yy-expected-20260227/,0.33,Prior +2.3%HICP +2.5% vs +2.3% y/y expectedPrior +2.4%The main thing to watch is core annual inflati
2026-02-27,EUR,ForexLive,What are the main events for today?,https://investinglive.com/news/what-are-the-main-events-for-today-20260227/,1.0,"EUROPEAN SESSIONIn the European session, the main highlight is going to be the German inflation data"
2026-02-27,EUR,ForexLive,Heads up: Germany states' CPI readings due later today,https://investinglive.com/news/heads-up-germany-states-cpi-readings-due-later-today-20260227/,1.0,"German inflation remains one of, if not the key sticking point for the ECB in trying to sort out mon"
2026-02-27,EUR,FXStreet,"Week Ahead: US Dollar slips on trade uncertainty as NFP, Eurozone HICP loom",https://www.fxstreet.com/news/week-ahead-us-dollar-slips-on-trade-uncertainty-as-nfp-eurozone-hicp-loom-202602272051,1.0,The US Dollar (USD) lost ground this week amid geopolitical uncertainty and the United States (US) t
2026-02-27,EUR,FXStreet,EUR/USD steadies as strong US PPI data fails to lift Dollar,https://www.fxstreet.com/news/eur-usd-steadies-as-strong-us-ppi-data-fails-to-lift-dollar-202602271613,0.67,"EUR/USD steadies on Friday, extending the range-bound price action that has defined trading so far t"
2026-02-27,EUR,FXStreet,EUR/GBP gains amid UK political jitters and dovish BoE bets,https://www.fxstreet.com/news/eur-gbp-gains-mmid-uk-political-jitters-and-dovish-boe-bets-202602271348,0.67,"The Euro (EUR) ticks higher against the British Pound (GBP) on Friday, with Sterling under broad pre"
2026-02-25,EUR,ForexLive,"investingLive European FX news wrap: JPY extends losses, RBA Bullock signals patience",https://investinglive.com/news/investinglive-european-fx-news-wrap-jpy-extends-losses-rba-bullock-signals-patience-20260225/,1.0,Japanese Yen extends losses as Takaichi's opposition to rate hikes weighs on the currencyRenewed unc
2026-02-25,EUR,ForexLive,Eurozone January final CPI +1.7% vs +1.7% y/y prelim,https://investinglive.com/news/eurozone-january-final-cpi-17-vs-17-yy-prelim-20260225/,1.0,Prior +2.0%Core CPI +2.2% vs +2.2% y/y prelimPrior +2.3%No changes to the preliminary estimates. Com
2026-02-25,EUR,ForexLive,Germany Q4 final GDP 0.3% vs 0.3% q/q prelim,https://investinglive.com/news/germany-q4-final-gdp-03-vs-03-qq-prelim-20260225/,0.33,Prior 0.0%GDP Y/Y 0.4% vs 0.4% preliminaryPrior 0.3%No changes to the preliminary estimates. The Ger
2026-02-25,EUR,ForexLive,What are the main events for today?,https://investinglive.com/news/what-are-the-main-events-for-today-20260225/,1.0,"EUROPEAN SESSIONIn the European session, the only highlights are the final German Q4 GDP and the fin"
2026-02-25,EUR,FXStreet,EUR/USD recovers as Greenback fails to sustain upside momentum,https://www.fxstreet.com/news/eur-usd-recovers-as-greenback-fails-to-sustain-upside-momentum-202602251617,0.67,"EUR/USD regains traction on Wednesday as the US Dollar’s (USD) upside momentum fades, allowing the E"
2026-02-25,EUR,FXStreet,Eurozone: Household lending faces modest tightening – BNP Paribas,https://www.fxstreet.com/news/eurozone-household-lending-faces-modest-tightening-bnp-paribas-202602251506,1.0,"BNP Paribas, citing the ECB Bank Lending Survey, notes that Eurozone banks plan a somewhat stronger "
2026-02-25,EUR,FXStreet,EUR/GBP slips as softer Eurozone inflation weighs on the Euro,https://www.fxstreet.com/news/eur-gbp-slips-as-softer-eurozone-inflation-weighs-on-the-euro-202602251430,1.0,The Euro (EUR) edges lower against the British Pound (GBP) on Wednesday as investors digest fresh Eu
2026-02-25,EUR,FXStreet,EU-US trade deal: Waiting for tariff clarity – Standard Chartered,https://www.fxstreet.com/news/eu-us-trade-deal-waiting-for-tariff-clarity-standard-chartered-202602251309,0.67,Standard Chartered economist Christopher Graham notes that the European Parliament has paused ratifi
2026-02-25,EUR,FXStreet,Eurozone: Softer inflation underpins Euro rates outlook – BNY,https://www.fxstreet.com/news/eurozone-softer-inflation-underpins-euro-rates-outlook-bny-202602251241,1.0,BNY’s Head of Markets Macro Strategy Bob Savage highlights that Eurozone January inflation eased to 
2026-03-01,EUR,Yahoo Finance,"Enlight Renewable (ENLT) Reports Record Q4 and Full-Year 2025 Results, Market Share Expands in European Storage Sector",https://finance.yahoo.com/news/enlight-renewable-enlt-reports-record-035751706.html,0.67,
2026-03-01,EUR,NewsAPI (Khabarhub.com),Foreign currency exchange rates fixed for today,https://english.khabarhub.com/2026/28/536950/,0.67,KATHMANDU: Nepal Rastra Bank (NRB) has set the foreign currency exchange rates for today. According 
2026-02-26,EUR,ForexLive,investingLive European FX news wrap: Oil prices drop amid ongoing US-Iran talks,https://investinglive.com/news/investinglive-european-fx-news-wrap-oil-prices-drop-amid-ongoing-us-iran-talks-20260226/,1.0,"The S&P 500 remains supported by positive macro backdrop, but downside risks lingerUS futures hold c"
2026-02-26,EUR,ForexLive,Eurozone February final consumer confidence -12.2 vs -12.2 prelim,https://investinglive.com/news/eurozone-february-final-consumer-confidence-122-vs-122-prelim-20260226/,1.0,Prior -12.4Economic confidence 98.3 vs 99.8 expectedPrior 99.4; revised to 99.3Industrial confidence
2026-02-26,EUR,ForexLive,What are the main events for today?,https://investinglive.com/news/what-are-the-main-events-for-today-20260226/,0.67,"EUROPEAN SESSIONIn the European session, we don't have much on the agenda other than a couple of low"
2026-02-26,EUR,FXStreet, LNG: Oil-indexed contracts transmit Iran shock – Rabobank,https://www.fxstreet.com/news/lng-oil-indexed-contracts-transmit-iran-shock-rabobank-202602261631,0.67,"Rabobank’s energy strategists Joe DeLaura and Florence Schmit argue that global LNG markets, especia"
2026-02-26,EUR,FXStreet,"EUR/USD declines as US Dollar strengthens on Fed rate-cut outlook, weak Euro data",https://www.fxstreet.com/news/eur-usd-declines-as-us-dollar-strengthens-on-fed-rate-cut-outlook-weak-euro-data-202602261625,0.67,"EUR/USD eases on Thursday, trimming earlier intraday gains as a firmer US Dollar (USD) weighs on the"
2026-02-26,EUR,FXStreet,Eurozone: Financial impulse points to solid growth – Commerzbank,https://www.fxstreet.com/news/eurozone-financial-impulse-points-to-solid-growth-commerzbank-202602261431,1.0,Commerzbank’s Dr. Marco Wagner introduces a new financial impulse indicator based on the Fed's FCI-G
2026-02-24,AUD,ForexLive,"Economic & event calendar in Asia Wednesday, February 25, 2026: Australian inflation data",https://investinglive.com/news/economic-event-calendar-in-asia-wednesday-february-25-2026-australian-inflation-data-20260224/,0.33,The focus is the Australian CPI data for January:Australia January CPI preview: core inflation stead
2026-02-24,AUD,ForexLive,"Australia January CPI preview: core inflation steady, electricity lifts headline",https://investinglive.com/news/australia-january-cpi-preview-core-inflation-steady-electricity-lifts-headline-20260223/,0.67,"January CPI is set to show electricity-driven headline strength and still-firm core inflation, keepi"
2026-02-24,AUD,FXStreet,"Australia CPI expected to point to sticky inflation, supporting hawkish stance",https://www.fxstreet.com/news/australia-cpi-set-to-show-persistent-inflation-reinforcing-hawkish-rate-outlook-202602242000,0.33,"Australia will release its key set of inflation figures for the month of January on Wednesday, with "
2026-02-24,AUD,NewsAPI (The Times of India),Alumni recall rich legacy of DMC on foundation day,https://timesofindia.indiatimes.com/city/patna/alumni-recall-rich-legacy-of-dmc-on-foundation-day/articleshow/128725328.cms,0.33,"Darbhanga Medical College celebrated its 101st Foundation Day with a series of events, including an "
2026-02-28,AUD,Yahoo Finance,The Estée Lauder Companies Inc. (EL): A Bull Case Theory,https://finance.yahoo.com/news/est-e-lauder-companies-inc-194903189.html,0.33,
2026-02-28,AUD,NewsAPI (GlobeNewswire),Saudi Arabia Prepaid Card and Digital Wallet Market Intelligence Report 2026: stc bank and Urpay Intensify Competition Through Apple Pay/Mada Integration and Card-Linked Stored-Value Strategies,https://www.globenewswire.com/news-release/2026/02/27/3246397/28124/en/Saudi-Arabia-Prepaid-Card-and-Digital-Wallet-Market-Intelligence-Report-2026-stc-bank-and-Urpay-Intensify-Competition-Through-Apple-Pay-Mada-Integration-and-Card-Linked-Stored-Valu.html,0.33,Key opportunities in Saudi Arabia's prepaid card and digital wallet market include enhancing wallet-
2026-02-28,AUD,NewsAPI (GlobeNewswire),"United Kingdom Prepaid Card and Digital Wallet Intelligence Report 2026: An $82.73 Billion Market by 2030, Primed for Growth Due to Increased Contactless Adoption and Digital-first Financial Solutions",https://www.globenewswire.com/news-release/2026/02/27/3246365/28124/en/United-Kingdom-Prepaid-Card-and-Digital-Wallet-Intelligence-Report-2026-An-82-73-Billion-Market-by-2030-Primed-for-Growth-Due-to-Increased-Contactless-Adoption-and-Digital-first-Fi.html,0.33,The UK prepaid card and digital wallet market is primed for growth due to increased contactless adop
2026-02-28,AUD,NewsAPI (The Punch),"BEYOND THE SCAFFOLDING: Years of Pain, Patience, And The Audacity That Built Banana Island’s Tallest Tower Lucrezia By Sujimoto",https://punchng.com/beyond-the-scaffolding-years-of-pain-patience-and-the-audacity-that-built-banana-islands-tallest-tower-lucrezia-by-sujimoto/,0.33,"Discover the story behind Lucrezia Banana Island, the tallest tower built by Sujimoto. A testament t"
2026-02-27,AUD,ForexLive,Bavaria February CPI +1.9% vs +2.1% y/y prior,https://investinglive.com/news/bavaria-february-cpi-19-vs-21-yy-prior-20260227/,0.33,The other readings released around the same time (updated on the go):North Rhine Westphalia CPI +1.8
2026-02-27,AUD,FXStreet,AUD: Strong credit growth but policy view unchanged – BNY,https://www.fxstreet.com/news/aud-strong-credit-growth-but-policy-view-unchanged-bny-202602271409,0.67,BNY’s Head of Markets Macro Strategy Bob Savage notes Australia’s January financial aggregates show 
2026-02-27,AUD,MarketWatch,Software stocks fall as Block’s big job cuts stoke further AI fears,https://www.marketwatch.com/story/software-stocks-fall-as-blocks-big-job-cuts-stoke-further-ai-fears-c66aef8e?mod=mw_rss_topstories,0.33,Block’s layoffs exacerbated concerns that artificial-intelligence could decimate employee counts and
2026-02-27,AUD,Yahoo Finance,Analyst Report: Suburban Propane Partners L P,https://finance.yahoo.com/research/reports/ARGUS_3404_AnalystReport_1772214724000?yptr=yahoo&ncid=yahooproperties_plusresear_nm5q6ze1cei,0.33,
2026-02-27,AUD,NewsAPI (The Times of India),"YES Bank forex card users alert! Unauthorised transactions detected, cards blocked & reissued",https://economictimes.indiatimes.com/wealth/save/yes-bank-forex-card-users-alert-unauthorised-transactions-detected-cards-blocked-reissued/articleshow/128804606.cms,0.33,YES Bank faced a cyberattack on its forex cards. Scammers attempted unauthorized transactions from a
2026-02-27,AUD,NewsAPI (The Times of India),Yes Bank tightens safeguards after spike in Forex Card transaction declines,https://economictimes.indiatimes.com/industry/banking/finance/banking/yes-bank-tightens-safeguards-after-spike-in-forex-card-transaction-declines/articleshow/128801679.cms,0.33,Yes Bank has tightened security measures after detecting unusual transaction declines on its Multi-C
2026-02-27,AUD,NewsAPI (BusinessLine),"Why shares of Reliance, Yes Bank, RVNL, Texmaco, Reliance Infra and Lupin will remain in focus on Thursday",https://www.thehindubusinessline.com/markets/why-shares-of-reliance-yes-bank-rvnl-texmaco-reliance-infra-and-lupin-will-remain-in-focus-on-thursday/article70678064.ece,0.33,"Shares of Reliance Industries, Yes Bank, RVNL, Texmaco, Reliance Infrastructure, Lupin and other top"
2026-02-27,AUD,NewsAPI (GlobeNewswire),Hepsiburada Announces Fourth Quarter and Full Year 2025 Financial Results,https://www.globenewswire.com/news-release/2026/02/26/3246201/0/en/Hepsiburada-Announces-Fourth-Quarter-and-Full-Year-2025-Financial-Results.html,0.33,"ISTANBUL, Türkiye, Feb. 27, 2026 (GLOBE NEWSWIRE) -- D-MARKET Electronic Services & Trading (d/b/a “"
2026-02-27,AUD,NewsAPI (Financial Post),Ritchie Bros. Sells US$265+ Million in Orlando and Delivers Unmatched Scale at Industry’s Largest Auction,https://financialpost.com/pmn/business-wire-news-releases-pmn/ritchie-bros-sells-us265-million-in-orlando-and-delivers-unmatched-scale-at-industrys-largest-auction,0.33,"14,500+ assets sold as global event signals strong start to 2026 equipment market ORLANDO, Fla. & WE"
2026-02-27,AUD,NewsAPI (Whatjapanthinks.com),Turbo Dexair Ark Review: Trusted Trading System or Fraud? Results Exposed,https://whatjapanthinks.com/turbo-dexair-ark-review/,0.33,Turbo Dexair Ark stands out as a recently introduced digital asset trading solution designed to make
2026-02-25,AUD,ForexLive,"Economic and event calendar in Asia Thursday, February 26, 2026",https://investinglive.com/news/economic-and-event-calendar-in-asia-thursday-february-26-2026-20260225/,0.33,The ANZ Business Outlook survey is a well-regarded monthly survey tracking the sentiment of hundreds
2026-02-25,AUD,FXStreet,AUD: Sticky CPI backs further RBA hike – TD Securities,https://www.fxstreet.com/news/aud-sticky-cpi-backs-further-rba-hike-td-securities-202602251323,1.0,"TD Securities’ Global Strategy Team highlights that Australia’s January CPI remained elevated, with "
2026-02-25,AUD,MarketWatch,Urban Outfitters’ once-struggling namesake stores are now driving its sales gains,https://www.marketwatch.com/story/urban-outfitters-once-struggling-namesake-stores-are-now-driving-its-sales-gains-a841972d?mod=mw_rss_topstories,0.33,"Shares of Urban Outfitters were up after hours on Wednesday, after the clothing retailer reported fo"
2026-02-25,AUD,NewsAPI (Whatjapanthinks.com),Alza Bitmarea Review: Trusted Trading System or Fraud? Results Exposed,https://whatjapanthinks.com/alza-bitmarea-review/,0.33,Alza Bitmarea presents itself as a newly launched digital asset trading solution created to smooth a
2026-02-25,AUD,NewsAPI (GlobeNewswire),Globus Medical Reports Fourth Quarter and Full Year 2025 Results,https://www.globenewswire.com/news-release/2026/02/24/3244064/0/en/Globus-Medical-Reports-Fourth-Quarter-and-Full-Year-2025-Results.html,0.33,"AUDUBON, Pa., Feb. 24, 2026 (GLOBE NEWSWIRE) -- Globus Medical, Inc. (NYSE: GMED), a leading musculo"
2026-03-01,AUD,NewsAPI (GlobeNewswire),AS Silvano Fashion Group Consolidated Interim Financial Report for Q4 and 12m of 2025 (unaudited),https://www.globenewswire.com/news-release/2026/02/27/3246821/0/en/AS-Silvano-Fashion-Group-Consolidated-Interim-Financial-Report-for-Q4-and-12m-of-2025-unaudited.html,0.33,Selected Financial Indicators Summarized selected financial indicators of the Group for 12 months of
2026-02-26,AUD,ForexLive,Australia Q4 capex beats expectations as renewable investment lifts outlook,https://investinglive.com/news/australia-q4-capex-beats-expectations-as-renewable-investment-lifts-outlook-20260226/,0.33,Australian business investment edges higher as renewables drive capex upgrade.Summary:Q4 private cap
2026-02-26,AUD,ForexLive,Australian Q4 2025 business capex has fallen from Q3 but has beaten expectations,https://investinglive.com/news/australian-q4-2025-business-capex-has-fallen-from-q3-but-has-beaten-expectations-20260226/,0.67,This is 'just the data' post. ADDED: I posted details etc here:Australia Q4 capex beats expectations
2026-02-26,AUD,NewsAPI (The Times of India),BookMyForex suffers a major data breach; thousands defrauded,https://economictimes.indiatimes.com/tech/technology/bookmyforex-suffers-a-major-data-breach-thousands-defrauded/articleshow/128768724.cms,0.33,BookMyForex users face fraud after a major data breach. Thousands of customers are reportedly defrau
2026-02-26,AUD,NewsAPI (The Times of India),BookMyForex suffers a major data breach; thousands defrauded,https://economictimes.indiatimes.com/markets/stocks/news/bookmyforex-suffers-a-major-data-breach-thousands-defrauded/articleshow/128766392.cms,0.33,BookMyForex users face fraud after a major data breach. Thousands of customers are reportedly defrau
