date,generator_id,estimator_id,currency,article_url,predicted_direction,predicted_magnitude,confidence,time_horizon,realized,realization_status,actual_direction,actual_magnitude,days_elapsed,horizon_days,realization_check_timestamp
2026-02-24,keyword-sentiment-v1.1-standard,llm-horizon-v1-default,GBP,https://www.fxstreet.com/news/boes-pill-bearing-down-on-inflationary-pressures-remains-necessary-202602241706,neutral,unclear,0.5,1week,False,no_price_data,,,,,
2026-02-24,keyword-sentiment-v1.1-standard,llm-horizon-v1-default,GBP,https://www.fxstreet.com/news/boes-governor-bailey-rate-cut-at-next-meeting-is-a-genuinely-open-question-202602241705,bearish,unclear,1.0,1week,False,no_price_data,,,,,
2026-02-24,keyword-sentiment-v1.1-standard,llm-horizon-v1-default,GBP,https://www.fxstreet.com/news/bank-of-england-cuts-on-the-table-conviction-still-building-202602241538,bearish,unclear,1.0,1week,False,no_price_data,,,,,
2026-02-24,keyword-sentiment-v1.1-standard,llm-horizon-v1-default,GBP,https://www.fxstreet.com/news/gbp-jpy-climbs-above-two-week-range-as-yen-weakens-bailey-testimony-eyed-202602241413,bearish,medium,0.83,1week,False,no_price_data,,,,,
2026-02-24,keyword-sentiment-v1.1-standard,llm-horizon-v1-default,GBP,https://www.fxstreet.com/news/boes-pill-bearing-down-on-inflationary-pressures-remains-necessary-202602241706,bearish,small,0.9,1week,False,no_price_data,,,,,
2026-02-24,keyword-sentiment-v1.1-standard,llm-horizon-v1-default,GBP,https://www.fxstreet.com/news/boes-governor-bailey-rate-cut-at-next-meeting-is-a-genuinely-open-question-202602241705,bearish,small,0.75,1week,False,no_price_data,,,,,
2026-02-24,keyword-sentiment-v1.1-standard,llm-horizon-v1-default,GBP,https://www.fxstreet.com/news/bank-of-england-cuts-on-the-table-conviction-still-building-202602241538,bearish,small,0.9,1week,False,no_price_data,,,,,
2026-02-24,keyword-sentiment-v1.1-standard,llm-horizon-v1-default,GBP,https://www.fxstreet.com/news/gbp-jpy-climbs-above-two-week-range-as-yen-weakens-bailey-testimony-eyed-202602241413,bullish,medium,0.86,1week,False,no_price_data,,,,,
2026-02-24,llm-sentiment-v1-haiku,llm-horizon-v1-default,GBP,https://www.fxstreet.com/news/boes-pill-bearing-down-on-inflationary-pressures-remains-necessary-202602241706,bearish,medium,0.8,1week,False,no_price_data,,,,,
2026-02-24,llm-sentiment-v1-haiku,llm-horizon-v1-default,GBP,https://www.fxstreet.com/news/boes-governor-bailey-rate-cut-at-next-meeting-is-a-genuinely-open-question-202602241705,bearish,medium,0.8,1week,False,no_price_data,,,,,
2026-02-24,llm-sentiment-v1-haiku,llm-horizon-v1-default,GBP,https://www.fxstreet.com/news/bank-of-england-cuts-on-the-table-conviction-still-building-202602241538,bearish,medium,0.8,1week,False,no_price_data,,,,,
2026-02-24,llm-sentiment-v1-haiku,llm-horizon-v1-default,GBP,https://www.fxstreet.com/news/gbp-jpy-climbs-above-two-week-range-as-yen-weakens-bailey-testimony-eyed-202602241413,bullish,medium,0.8,1week,False,no_price_data,,,,,
2026-02-25,keyword-sentiment-v1.1-standard,llm-horizon-v1-default,GBP,https://www.fxstreet.com/news/gbp-jpy-price-forecast-clears-key-resistance-aims-towards-21200-202602252057,bearish,small,0.9,1week,False,no_price_data,,,,,
2026-02-25,keyword-sentiment-v1.1-standard,llm-horizon-v1-default,GBP,https://finance.yahoo.com/news/united-airlines-selects-ge-aerospace-144245024.html,neutral,,0.3,1month,False,no_price_data,,,,,
2026-02-25,keyword-sentiment-v1.1-standard,llm-horizon-v1-default,GBP,https://finance.yahoo.com/news/boeing-company-ba-777-9-144323026.html,neutral,,0.3,1week,False,no_price_data,,,,,
2026-02-25,llm-sentiment-v1-haiku,llm-horizon-v1-default,GBP,https://www.fxstreet.com/news/gbp-jpy-price-forecast-clears-key-resistance-aims-towards-21200-202602252057,bullish,medium,0.8,1week,False,no_price_data,,,,,
2026-02-25,llm-sentiment-v1-haiku,llm-horizon-v1-default,GBP,https://finance.yahoo.com/news/united-airlines-selects-ge-aerospace-144245024.html,neutral,null,0.7,1month,False,no_price_data,,,,,
2026-02-25,llm-sentiment-v1-haiku,llm-horizon-v1-default,GBP,https://finance.yahoo.com/news/boeing-company-ba-777-9-144323026.html,neutral,null,0.8,1week,False,no_price_data,,,,,
2026-02-25,keyword-sentiment-v1.1-standard,llm-horizon-v1-default,GBP,https://www.fxstreet.com/news/gbp-jpy-price-forecast-clears-key-resistance-aims-towards-21200-202602252057,bearish,small,0.9,1week,False,no_price_data,,,,,
2026-02-25,keyword-sentiment-v1.1-standard,llm-horizon-v1-default,GBP,https://finance.yahoo.com/news/united-airlines-selects-ge-aerospace-144245024.html,neutral,,0.3,1month,False,no_price_data,,,,,
2026-02-25,keyword-sentiment-v1.1-standard,llm-horizon-v1-default,GBP,https://finance.yahoo.com/news/boeing-company-ba-777-9-144323026.html,neutral,,0.3,1week,False,no_price_data,,,,,
2026-02-25,llm-sentiment-v1-haiku,llm-horizon-v1-default,GBP,https://www.fxstreet.com/news/gbp-jpy-price-forecast-clears-key-resistance-aims-towards-21200-202602252057,bullish,medium,0.8,1week,False,no_price_data,,,,,
2026-02-25,llm-sentiment-v1-haiku,llm-horizon-v1-default,GBP,https://finance.yahoo.com/news/united-airlines-selects-ge-aerospace-144245024.html,neutral,null,0.7,1month,False,no_price_data,,,,,
2026-02-25,llm-sentiment-v1-haiku,llm-horizon-v1-default,GBP,https://finance.yahoo.com/news/boeing-company-ba-777-9-144323026.html,neutral,null,0.8,1week,False,no_price_data,,,,,
2026-02-24,keyword-sentiment-v1.1-standard,,JPY,https://timesofindia.indiatimes.com/india/political-messaging-behind-timing-of-installation-of-rajajis-bust/articleshow/128727022.cms,bullish,small,0.9,unclear,False,no_price_data,,,,,
2026-02-24,llm-sentiment-v1-haiku,,JPY,https://timesofindia.indiatimes.com/india/political-messaging-behind-timing-of-installation-of-rajajis-bust/articleshow/128727022.cms,neutral,null,0.3,unclear,False,no_price_data,,,,,
2026-02-25,keyword-sentiment-v1.1-standard,llm-horizon-v1-default,JPY,https://investinglive.com/news/investinglive-asia-pacific-fx-news-wrap-nikkei-record-high-australian-cpi-high-sticky-20260225/,bearish,small,0.9,1week,False,no_price_data,,,,,
2026-02-25,keyword-sentiment-v1.1-standard,llm-horizon-v1-default,JPY,https://www.fxstreet.com/news/jpy-reflationist-boj-picks-flag-downside-risks-mufg-202602251345,bearish,small,0.75,1week,False,no_price_data,,,,,
2026-02-25,keyword-sentiment-v1.1-standard,llm-horizon-v1-default,JPY,https://www.fxstreet.com/news/aud-jpy-price-forecast-skyrockets-past-11100-on-hot-aussie-cpi-202602252222,bearish,small,0.9,3day,False,no_price_data,,,,,
2026-02-25,llm-sentiment-v1-haiku,llm-horizon-v1-default,JPY,https://investinglive.com/news/investinglive-asia-pacific-fx-news-wrap-nikkei-record-high-australian-cpi-high-sticky-20260225/,bullish,medium,0.8,1week,False,no_price_data,,,,,
2026-02-25,llm-sentiment-v1-haiku,llm-horizon-v1-default,JPY,https://www.fxstreet.com/news/jpy-reflationist-boj-picks-flag-downside-risks-mufg-202602251345,bearish,medium,0.8,1week,False,no_price_data,,,,,
2026-02-25,llm-sentiment-v1-haiku,llm-horizon-v1-default,JPY,https://www.fxstreet.com/news/aud-jpy-price-forecast-skyrockets-past-11100-on-hot-aussie-cpi-202602252222,bullish,medium,0.8,3day,False,no_price_data,,,,,
2026-02-25,keyword-sentiment-v1.1-standard,llm-horizon-v1-default,JPY,https://investinglive.com/news/investinglive-asia-pacific-fx-news-wrap-nikkei-record-high-australian-cpi-high-sticky-20260225/,bearish,small,0.9,1week,False,no_price_data,,,,,
2026-02-25,keyword-sentiment-v1.1-standard,llm-horizon-v1-default,JPY,https://www.fxstreet.com/news/jpy-reflationist-boj-picks-flag-downside-risks-mufg-202602251345,bearish,small,0.75,1week,False,no_price_data,,,,,
2026-02-25,keyword-sentiment-v1.1-standard,llm-horizon-v1-default,JPY,https://www.fxstreet.com/news/aud-jpy-price-forecast-skyrockets-past-11100-on-hot-aussie-cpi-202602252222,bearish,small,0.9,3day,False,no_price_data,,,,,
2026-02-25,llm-sentiment-v1-haiku,llm-horizon-v1-default,JPY,https://investinglive.com/news/investinglive-asia-pacific-fx-news-wrap-nikkei-record-high-australian-cpi-high-sticky-20260225/,bullish,medium,0.8,1week,False,no_price_data,,,,,
2026-02-25,llm-sentiment-v1-haiku,llm-horizon-v1-default,JPY,https://www.fxstreet.com/news/jpy-reflationist-boj-picks-flag-downside-risks-mufg-202602251345,bearish,medium,0.8,1week,False,no_price_data,,,,,
2026-02-25,llm-sentiment-v1-haiku,llm-horizon-v1-default,JPY,https://www.fxstreet.com/news/aud-jpy-price-forecast-skyrockets-past-11100-on-hot-aussie-cpi-202602252222,bullish,medium,0.8,3day,False,no_price_data,,,,,
2026-02-24,keyword-sentiment-v1.1-standard,llm-horizon-v1-default,CAD,https://www.fxstreet.com/news/cny-pboc-on-hold-as-yuan-firms-bny-202602241907,bearish,unclear,0.64,1week,False,no_price_data,,,,,
2026-02-24,keyword-sentiment-v1.1-standard,llm-horizon-v1-default,CAD,https://www.fxstreet.com/news/cny-pboc-on-hold-as-yuan-firms-bny-202602241907,bearish,medium,0.64,1week,False,no_price_data,,,,,
2026-02-24,keyword-sentiment-v1.1-standard,llm-horizon-v1-default,CAD,https://finance.yahoo.com/news/want-1-million-retirement-invest-133100586.html,neutral,,0.3,1month,False,no_price_data,,,,,
2026-02-24,llm-sentiment-v1-haiku,llm-horizon-v1-default,CAD,https://www.fxstreet.com/news/cny-pboc-on-hold-as-yuan-firms-bny-202602241907,neutral,small,0.7,1week,False,no_price_data,,,,,
2026-02-24,llm-sentiment-v1-haiku,llm-horizon-v1-default,CAD,https://finance.yahoo.com/news/want-1-million-retirement-invest-133100586.html,neutral,null,0.5,1month,False,no_price_data,,,,,
2026-02-25,keyword-sentiment-v1.1-standard,llm-horizon-v1-default,CAD,https://investinglive.com/news/canada-capital-spending-intentions-for-2026-come-in-at-37-vs-2025-pace-of-47-20260225/,neutral,,0.3,1month,False,no_price_data,,,,,
2026-02-25,keyword-sentiment-v1.1-standard,llm-horizon-v1-default,CAD,https://www.marketwatch.com/story/for-the-first-time-in-decades-new-hair-loss-treatments-are-in-the-works-heres-how-theyre-different-c2033ade?mod=mw_rss_topstories,neutral,,0.3,1month,False,no_price_data,,,,,
2026-02-25,keyword-sentiment-v1.1-standard,llm-horizon-v1-default,CAD,https://finance.yahoo.com/news/netflix-stock-avoid-once-decade-130500353.html,neutral,,0.3,1month,False,no_price_data,,,,,
2026-02-25,llm-sentiment-v1-haiku,llm-horizon-v1-default,CAD,https://investinglive.com/news/canada-capital-spending-intentions-for-2026-come-in-at-37-vs-2025-pace-of-47-20260225/,bearish,medium,0.8,1month,False,no_price_data,,,,,
2026-02-25,llm-sentiment-v1-haiku,llm-horizon-v1-default,CAD,https://www.marketwatch.com/story/for-the-first-time-in-decades-new-hair-loss-treatments-are-in-the-works-heres-how-theyre-different-c2033ade?mod=mw_rss_topstories,neutral,null,0.3,1month,False,no_price_data,,,,,
2026-02-25,llm-sentiment-v1-haiku,llm-horizon-v1-default,CAD,https://finance.yahoo.com/news/netflix-stock-avoid-once-decade-130500353.html,neutral,null,0.2,1month,False,no_price_data,,,,,
2026-02-25,keyword-sentiment-v1.1-standard,llm-horizon-v1-default,CAD,https://investinglive.com/news/canada-capital-spending-intentions-for-2026-come-in-at-37-vs-2025-pace-of-47-20260225/,neutral,,0.3,1month,False,no_price_data,,,,,
2026-02-25,keyword-sentiment-v1.1-standard,llm-horizon-v1-default,CAD,https://www.marketwatch.com/story/for-the-first-time-in-decades-new-hair-loss-treatments-are-in-the-works-heres-how-theyre-different-c2033ade?mod=mw_rss_topstories,neutral,,0.3,1month,False,no_price_data,,,,,
2026-02-25,keyword-sentiment-v1.1-standard,llm-horizon-v1-default,CAD,https://finance.yahoo.com/news/netflix-stock-avoid-once-decade-130500353.html,neutral,,0.3,1month,False,no_price_data,,,,,
2026-02-25,llm-sentiment-v1-haiku,llm-horizon-v1-default,CAD,https://investinglive.com/news/canada-capital-spending-intentions-for-2026-come-in-at-37-vs-2025-pace-of-47-20260225/,bearish,medium,0.8,1month,False,no_price_data,,,,,
2026-02-25,llm-sentiment-v1-haiku,llm-horizon-v1-default,CAD,https://www.marketwatch.com/story/for-the-first-time-in-decades-new-hair-loss-treatments-are-in-the-works-heres-how-theyre-different-c2033ade?mod=mw_rss_topstories,neutral,null,0.3,1month,False,no_price_data,,,,,
2026-02-25,llm-sentiment-v1-haiku,llm-horizon-v1-default,CAD,https://finance.yahoo.com/news/netflix-stock-avoid-once-decade-130500353.html,neutral,null,0.2,1month,False,no_price_data,,,,,
2026-02-24,keyword-sentiment-v1.1-standard,llm-horizon-v1-default,CHF,https://www.fxstreet.com/news/france-growth-outlook-softens-on-weaker-business-climate-ing-202602241528,bearish,unclear,1.0,1week,False,no_price_data,,,,,
2026-02-24,keyword-sentiment-v1.1-standard,llm-horizon-v1-default,CHF,https://www.fxstreet.com/news/france-growth-outlook-softens-on-weaker-business-climate-ing-202602241528,bearish,small,0.9,1week,False,no_price_data,,,,,
2026-02-24,llm-sentiment-v1-haiku,llm-horizon-v1-default,CHF,https://www.fxstreet.com/news/france-growth-outlook-softens-on-weaker-business-climate-ing-202602241528,bearish,small,0.7,1week,False,no_price_data,,,,,
2026-02-25,keyword-sentiment-v1.1-standard,,CHF,https://www.globenewswire.com/news-release/2026/02/24/3243883/0/en/BIC-FULL-YEAR-2025-RESULTS.html,bullish,small,0.9,unclear,False,no_price_data,,,,,
2026-02-25,llm-sentiment-v1-haiku,,CHF,https://www.globenewswire.com/news-release/2026/02/24/3243883/0/en/BIC-FULL-YEAR-2025-RESULTS.html,neutral,null,0.5,unclear,False,no_price_data,,,,,
2026-02-25,keyword-sentiment-v1.1-standard,,CHF,https://www.globenewswire.com/news-release/2026/02/24/3243883/0/en/BIC-FULL-YEAR-2025-RESULTS.html,bullish,small,0.9,unclear,False,no_price_data,,,,,
2026-02-25,llm-sentiment-v1-haiku,,CHF,https://www.globenewswire.com/news-release/2026/02/24/3243883/0/en/BIC-FULL-YEAR-2025-RESULTS.html,neutral,null,0.3,unclear,False,no_price_data,,,,,
2026-02-24,keyword-sentiment-v1.1-standard,llm-horizon-v1-default,CNY,https://investinglive.com/news/china-says-it-expects-to-hold-trade-talks-with-the-us-in-the-near-future-20260224/,bullish,medium,1.0,2week,False,no_price_data,,,,,
2026-02-24,keyword-sentiment-v1.1-standard,llm-horizon-v1-default,CNY,https://investinglive.com/news/china-adds-20-japanese-firms-to-export-control-list-tightening-dual-use-trade-20260224/,bullish,unclear,1.0,2week,False,no_price_data,,,,,
2026-02-24,keyword-sentiment-v1.1-standard,llm-horizon-v1-default,CNY,https://investinglive.com/news/economic-and-event-calendar-in-asia-tuesday-february-24-2026-china-and-japan-return-20260223/,neutral,unclear,0.1,1day,False,no_price_data,,,,,
2026-02-24,keyword-sentiment-v1.1-standard,llm-horizon-v1-default,CNY,https://www.fxstreet.com/news/china-ai-strategy-deepens-global-tech-rivalry-bnp-paribas-202602242056,neutral,unclear,0.1,1month,False,no_price_data,,,,,
2026-02-24,keyword-sentiment-v1.1-standard,llm-horizon-v1-default,CNY,https://investinglive.com/news/china-says-it-expects-to-hold-trade-talks-with-the-us-in-the-near-future-20260224/,bullish,small,0.9,2week,False,no_price_data,,,,,
2026-02-24,keyword-sentiment-v1.1-standard,llm-horizon-v1-default,CNY,https://investinglive.com/news/china-adds-20-japanese-firms-to-export-control-list-tightening-dual-use-trade-20260224/,bullish,small,0.9,2week,False,no_price_data,,,,,
2026-02-24,keyword-sentiment-v1.1-standard,llm-horizon-v1-default,CNY,https://investinglive.com/news/economic-and-event-calendar-in-asia-tuesday-february-24-2026-china-and-japan-return-20260223/,neutral,,0.3,1day,False,no_price_data,,,,,
2026-02-24,keyword-sentiment-v1.1-standard,llm-horizon-v1-default,CNY,https://www.fxstreet.com/news/china-ai-strategy-deepens-global-tech-rivalry-bnp-paribas-202602242056,neutral,,0.3,1month,False,no_price_data,,,,,
2026-02-24,llm-sentiment-v1-haiku,llm-horizon-v1-default,CNY,https://investinglive.com/news/china-says-it-expects-to-hold-trade-talks-with-the-us-in-the-near-future-20260224/,bullish,medium,0.8,2week,False,no_price_data,,,,,
2026-02-24,llm-sentiment-v1-haiku,llm-horizon-v1-default,CNY,https://investinglive.com/news/china-adds-20-japanese-firms-to-export-control-list-tightening-dual-use-trade-20260224/,bearish,medium,0.8,2week,False,no_price_data,,,,,
2026-02-24,llm-sentiment-v1-haiku,llm-horizon-v1-default,CNY,https://investinglive.com/news/economic-and-event-calendar-in-asia-tuesday-february-24-2026-china-and-japan-return-20260223/,neutral,small,0.8,1day,False,no_price_data,,,,,
2026-02-24,llm-sentiment-v1-haiku,llm-horizon-v1-default,CNY,https://www.fxstreet.com/news/china-ai-strategy-deepens-global-tech-rivalry-bnp-paribas-202602242056,bullish,medium,0.7,1month,False,no_price_data,,,,,
2026-02-25,keyword-sentiment-v1.1-standard,llm-horizon-v1-default,CNY,https://investinglive.com/news/ustr-greer-we-intend-to-stick-to-the-china-deal-we-had-before-20260225/,bullish,small,0.9,2week,False,no_price_data,,,,,
2026-02-25,keyword-sentiment-v1.1-standard,llm-horizon-v1-default,CNY,https://investinglive.com/news/sotu-trump-says-tariffs-stay-despite-supreme-court-loss-pivots-to-new-global-levy-20260225/,neutral,,0.3,2week,False,no_price_data,,,,,
2026-02-25,keyword-sentiment-v1.1-standard,llm-horizon-v1-default,CNY,https://www.fxstreet.com/news/copper-chinese-demand-lifts-prices-ing-202602251254,neutral,,0.3,1week,False,no_price_data,,,,,
2026-02-25,keyword-sentiment-v1.1-standard,,CNY,https://reason.com/2026/02/24/how-communists-conquered-china/,neutral,,0.3,unclear,False,no_price_data,,,,,
2026-02-25,keyword-sentiment-v1.1-standard,,CNY,https://www.thestar.com.my/news/nation/2026/02/25/digital-ecosystem-makes-china-travels-a-breeze-for-malaysians,neutral,,0.3,unclear,False,no_price_data,,,,,
2026-02-25,keyword-sentiment-v1.1-standard,llm-horizon-v1-default,CNY,https://www.fxstreet.com/news/china-two-sessions-set-2026-growth-path-td-securities-202602252217,neutral,,0.3,1month,False,no_price_data,,,,,
2026-02-25,llm-sentiment-v1-haiku,llm-horizon-v1-default,CNY,https://investinglive.com/news/ustr-greer-we-intend-to-stick-to-the-china-deal-we-had-before-20260225/,neutral,small,0.7,2week,False,no_price_data,,,,,
2026-02-25,llm-sentiment-v1-haiku,llm-horizon-v1-default,CNY,https://investinglive.com/news/sotu-trump-says-tariffs-stay-despite-supreme-court-loss-pivots-to-new-global-levy-20260225/,bearish,medium,0.8,2week,False,no_price_data,,,,,
2026-02-25,llm-sentiment-v1-haiku,llm-horizon-v1-default,CNY,https://www.fxstreet.com/news/copper-chinese-demand-lifts-prices-ing-202602251254,bullish,medium,0.8,1week,False,no_price_data,,,,,
2026-02-25,llm-sentiment-v1-haiku,,CNY,https://reason.com/2026/02/24/how-communists-conquered-china/,bearish,medium,0.8,unclear,False,no_price_data,,,,,
2026-02-25,llm-sentiment-v1-haiku,,CNY,https://www.thestar.com.my/news/nation/2026/02/25/digital-ecosystem-makes-china-travels-a-breeze-for-malaysians,bullish,medium,0.8,unclear,False,no_price_data,,,,,
2026-02-25,llm-sentiment-v1-haiku,llm-horizon-v1-default,CNY,https://www.fxstreet.com/news/china-two-sessions-set-2026-growth-path-td-securities-202602252217,bullish,medium,0.8,1month,False,no_price_data,,,,,
2026-02-25,keyword-sentiment-v1.1-standard,llm-horizon-v1-default,CNY,https://investinglive.com/news/ustr-greer-we-intend-to-stick-to-the-china-deal-we-had-before-20260225/,bullish,small,0.9,2week,False,no_price_data,,,,,
2026-02-25,keyword-sentiment-v1.1-standard,llm-horizon-v1-default,CNY,https://investinglive.com/news/sotu-trump-says-tariffs-stay-despite-supreme-court-loss-pivots-to-new-global-levy-20260225/,neutral,,0.3,2week,False,no_price_data,,,,,
2026-02-25,keyword-sentiment-v1.1-standard,llm-horizon-v1-default,CNY,https://www.fxstreet.com/news/copper-chinese-demand-lifts-prices-ing-202602251254,neutral,,0.3,1week,False,no_price_data,,,,,
2026-02-25,keyword-sentiment-v1.1-standard,,CNY,https://reason.com/2026/02/24/how-communists-conquered-china/,neutral,,0.3,unclear,False,no_price_data,,,,,
2026-02-25,keyword-sentiment-v1.1-standard,,CNY,https://www.thestar.com.my/news/nation/2026/02/25/digital-ecosystem-makes-china-travels-a-breeze-for-malaysians,neutral,,0.3,unclear,False,no_price_data,,,,,
2026-02-25,keyword-sentiment-v1.1-standard,llm-horizon-v1-default,CNY,https://www.fxstreet.com/news/china-two-sessions-set-2026-growth-path-td-securities-202602252217,neutral,,0.3,1month,False,no_price_data,,,,,
2026-02-25,llm-sentiment-v1-haiku,llm-horizon-v1-default,CNY,https://investinglive.com/news/ustr-greer-we-intend-to-stick-to-the-china-deal-we-had-before-20260225/,neutral,small,0.7,2week,False,no_price_data,,,,,
2026-02-25,llm-sentiment-v1-haiku,llm-horizon-v1-default,CNY,https://investinglive.com/news/sotu-trump-says-tariffs-stay-despite-supreme-court-loss-pivots-to-new-global-levy-20260225/,bearish,medium,0.8,2week,False,no_price_data,,,,,
2026-02-25,llm-sentiment-v1-haiku,llm-horizon-v1-default,CNY,https://www.fxstreet.com/news/copper-chinese-demand-lifts-prices-ing-202602251254,bullish,medium,0.8,1week,False,no_price_data,,,,,
2026-02-25,llm-sentiment-v1-haiku,,CNY,https://reason.com/2026/02/24/how-communists-conquered-china/,bearish,medium,0.8,unclear,False,no_price_data,,,,,
2026-02-25,llm-sentiment-v1-haiku,,CNY,https://www.thestar.com.my/news/nation/2026/02/25/digital-ecosystem-makes-china-travels-a-breeze-for-malaysians,bullish,medium,0.7,unclear,False,no_price_data,,,,,
2026-02-25,llm-sentiment-v1-haiku,llm-horizon-v1-default,CNY,https://www.fxstreet.com/news/china-two-sessions-set-2026-growth-path-td-securities-202602252217,bullish,medium,0.8,1month,False,no_price_data,,,,,
2026-02-24,keyword-sentiment-v1.1-standard,llm-horizon-v1-default,USD,https://investinglive.com/news/investinglive-americas-market-news-wrap-us-consumer-confidence-bounces-from-11-year-low-20260224/,neutral,unclear,0.5,3day,False,no_price_data,,,,,
2026-02-24,keyword-sentiment-v1.1-standard,llm-horizon-v1-default,USD,https://investinglive.com/news/richmond-fed-composite-index-for-february-10-versus-8-estimate-20260224/,neutral,unclear,0.1,1week,False,no_price_data,,,,,
2026-02-24,keyword-sentiment-v1.1-standard,llm-horizon-v1-default,USD,https://investinglive.com/news/investinglive-asia-pacific-fx-news-wrap-tariff-uncertainty-persists-china-rises-20260224/,bullish,high,0.83,1week,False,no_price_data,,,,,
2026-02-24,keyword-sentiment-v1.1-standard,llm-horizon-v1-default,USD,https://investinglive.com/news/us-february-dallas-fed-manufacturing-index-02-vs-12-prior-20260223/,neutral,unclear,1.0,1week,False,no_price_data,,,,,
2026-02-24,keyword-sentiment-v1.1-standard,llm-horizon-v1-default,USD,https://www.fxstreet.com/news/forex-today-us-dollar-firms-after-trumps-tariff-ruling-and-hawkish-fed-stance-202602242033,bullish,medium,1.0,1week,False,no_price_data,,,,,
2026-02-24,keyword-sentiment-v1.1-standard,llm-horizon-v1-default,USD,https://www.fxstreet.com/news/usd-chf-price-forecast-tests-20-day-sma-as-franc-outperforms-202602242013,bullish,medium,1.0,3day,False,no_price_data,,,,,
2026-02-24,keyword-sentiment-v1.1-standard,llm-horizon-v1-default,USD,https://www.fxstreet.com/news/inr-cautious-relief-after-us-tariff-ruling-dbs-202602241943,bullish,medium,1.0,3day,False,no_price_data,,,,,
2026-02-24,keyword-sentiment-v1.1-standard,llm-horizon-v1-default,USD,https://www.fxstreet.com/news/gold-pulls-back-from-5-249-as-us-dollar-firms-on-fed-rhetoric-202602241900,bearish,unclear,0.9,3day,False,no_price_data,,,,,
2026-02-24,keyword-sentiment-v1.1-standard,llm-horizon-v1-default,USD,https://www.fxstreet.com/news/usd-krw-range-trade-with-slight-downside-bias-ocbc-202602241828,bullish,medium,0.86,1week,False,no_price_data,,,,,
2026-02-24,keyword-sentiment-v1.1-standard,llm-horizon-v1-default,USD,https://www.fxstreet.com/news/usd-jpy-price-forecast-bullish-bias-builds-above-15500-support-202602241752,neutral,medium,0.3,1week,False,no_price_data,,,,,
2026-02-24,keyword-sentiment-v1.1-standard,llm-horizon-v1-default,USD,https://www.fxstreet.com/news/gbp-usd-rises-past-13500-as-bailey-hints-at-easing-us-dollar-firms-202602241633,neutral,medium,0.3,1week,False,no_price_data,,,,,
2026-02-24,keyword-sentiment-v1.1-standard,llm-horizon-v1-default,USD,https://www.fxstreet.com/news/usd-jpy-advances-on-us-confidence-rebound-japanese-monetary-policy-concerns-202602241616,bullish,medium,1.0,3day,False,no_price_data,,,,,
2026-02-24,keyword-sentiment-v1.1-standard,llm-horizon-v1-default,USD,https://www.fxstreet.com/news/usd-cad-steadies-as-stronger-us-dollar-pressures-loonie-202602241615,bearish,unclear,0.75,3day,False,no_price_data,,,,,
2026-02-24,keyword-sentiment-v1.1-standard,llm-horizon-v1-default,USD,https://www.fxstreet.com/news/silver-price-forecast-xag-usd-pulls-back-from-89-as-tariff-rally-fades-into-profit-taking-202602241608,bullish,unclear,1.0,3day,False,no_price_data,,,,,
2026-02-24,keyword-sentiment-v1.1-standard,llm-horizon-v1-default,USD,https://www.fxstreet.com/news/nzd-usd-struggles-as-us-dollar-gains-on-fed-signals-trade-tensions-202602241435,neutral,medium,0.3,3day,False,no_price_data,,,,,
2026-02-24,keyword-sentiment-v1.1-standard,llm-horizon-v1-default,USD,https://www.fxstreet.com/news/usd-squeeze-risk-on-geopolitical-escalation-ocbc-202602241431,neutral,unclear,0.1,2week,False,no_price_data,,,,,
2026-02-24,keyword-sentiment-v1.1-standard,llm-horizon-v1-default,USD,https://investinglive.com/news/investinglive-americas-market-news-wrap-us-consumer-confidence-bounces-from-11-year-low-20260224/,bullish,small,0.75,3day,False,no_price_data,,,,,
2026-02-24,keyword-sentiment-v1.1-standard,llm-horizon-v1-default,USD,https://investinglive.com/news/richmond-fed-composite-index-for-february-10-versus-8-estimate-20260224/,neutral,,0.3,1week,False,no_price_data,,,,,
2026-02-24,keyword-sentiment-v1.1-standard,llm-horizon-v1-default,USD,https://investinglive.com/news/investinglive-asia-pacific-fx-news-wrap-tariff-uncertainty-persists-china-rises-20260224/,bullish,medium,0.75,1week,False,no_price_data,,,,,
2026-02-24,keyword-sentiment-v1.1-standard,llm-horizon-v1-default,USD,https://investinglive.com/news/us-february-dallas-fed-manufacturing-index-02-vs-12-prior-20260223/,neutral,,0.3,1week,False,no_price_data,,,,,
2026-02-24,keyword-sentiment-v1.1-standard,llm-horizon-v1-default,USD,https://www.fxstreet.com/news/forex-today-us-dollar-firms-after-trumps-tariff-ruling-and-hawkish-fed-stance-202602242033,bullish,medium,0.9,1week,False,no_price_data,,,,,
2026-02-24,keyword-sentiment-v1.1-standard,llm-horizon-v1-default,USD,https://www.fxstreet.com/news/usd-chf-price-forecast-tests-20-day-sma-as-franc-outperforms-202602242013,bullish,small,0.9,3day,False,no_price_data,,,,,
2026-02-24,keyword-sentiment-v1.1-standard,llm-horizon-v1-default,USD,https://www.fxstreet.com/news/inr-cautious-relief-after-us-tariff-ruling-dbs-202602241943,bullish,small,0.9,3day,False,no_price_data,,,,,
2026-02-24,keyword-sentiment-v1.1-standard,llm-horizon-v1-default,USD,https://www.fxstreet.com/news/gold-pulls-back-from-5-249-as-us-dollar-firms-on-fed-rhetoric-202602241900,bearish,medium,0.9,3day,False,no_price_data,,,,,
2026-02-24,keyword-sentiment-v1.1-standard,llm-horizon-v1-default,USD,https://www.fxstreet.com/news/usd-krw-range-trade-with-slight-downside-bias-ocbc-202602241828,bullish,medium,0.86,1week,False,no_price_data,,,,,
2026-02-24,keyword-sentiment-v1.1-standard,llm-horizon-v1-default,USD,https://www.fxstreet.com/news/usd-jpy-price-forecast-bullish-bias-builds-above-15500-support-202602241752,neutral,,0.3,1week,False,no_price_data,,,,,
2026-02-24,keyword-sentiment-v1.1-standard,llm-horizon-v1-default,USD,https://www.fxstreet.com/news/gbp-usd-rises-past-13500-as-bailey-hints-at-easing-us-dollar-firms-202602241633,bearish,medium,0.9,1week,False,no_price_data,,,,,
2026-02-24,keyword-sentiment-v1.1-standard,llm-horizon-v1-default,USD,https://www.fxstreet.com/news/usd-jpy-advances-on-us-confidence-rebound-japanese-monetary-policy-concerns-202602241616,bullish,medium,0.9,3day,False,no_price_data,,,,,
2026-02-24,keyword-sentiment-v1.1-standard,llm-horizon-v1-default,USD,https://www.fxstreet.com/news/usd-cad-steadies-as-stronger-us-dollar-pressures-loonie-202602241615,neutral,,0.3,3day,False,no_price_data,,,,,
2026-02-24,keyword-sentiment-v1.1-standard,llm-horizon-v1-default,USD,https://www.fxstreet.com/news/silver-price-forecast-xag-usd-pulls-back-from-89-as-tariff-rally-fades-into-profit-taking-202602241608,bullish,small,0.9,3day,False,no_price_data,,,,,
2026-02-24,keyword-sentiment-v1.1-standard,llm-horizon-v1-default,USD,https://www.fxstreet.com/news/nzd-usd-struggles-as-us-dollar-gains-on-fed-signals-trade-tensions-202602241435,neutral,,0.3,3day,False,no_price_data,,,,,
2026-02-24,keyword-sentiment-v1.1-standard,llm-horizon-v1-default,USD,https://www.fxstreet.com/news/usd-squeeze-risk-on-geopolitical-escalation-ocbc-202602241431,neutral,,0.3,2week,False,no_price_data,,,,,
2026-02-24,keyword-sentiment-v1.1-standard,,USD,https://timesofindia.indiatimes.com/city/patna/sakri-raiyam-sugar-mills-to-be-revived/articleshow/128726472.cms,neutral,,0.3,unclear,False,no_price_data,,,,,
2026-02-24,keyword-sentiment-v1.1-standard,,USD,https://www.channelnewsasia.com/business/cryptocom-gets-conditional-us-approval-national-trust-bank-charter-5948021,bullish,small,0.9,unclear,False,no_price_data,,,,,
2026-02-24,keyword-sentiment-v1.1-standard,,USD,https://financialpost.com/pmn/business-pmn/omers-earns-6-as-stock-gains-offset-losses-from-pe-us-dollar,neutral,,0.3,unclear,False,no_price_data,,,,,
2026-02-24,keyword-sentiment-v1.1-standard,,USD,https://financialpost.com/fp-finance/omers-stock-gains-offset-losses-pe-us-dollar,bullish,small,0.9,unclear,False,no_price_data,,,,,
2026-02-24,keyword-sentiment-v1.1-standard,llm-horizon-v1-default,USD,https://finance.yahoo.com/news/walmart-dollar-stores-beat-traditional-133039370.html,neutral,,0.3,1month,False,no_price_data,,,,,
2026-02-24,llm-sentiment-v1-haiku,llm-horizon-v1-default,USD,https://investinglive.com/news/investinglive-americas-market-news-wrap-us-consumer-confidence-bounces-from-11-year-low-20260224/,bullish,medium,0.7,3day,False,no_price_data,,,,,
2026-02-24,llm-sentiment-v1-haiku,llm-horizon-v1-default,USD,https://investinglive.com/news/richmond-fed-composite-index-for-february-10-versus-8-estimate-20260224/,bearish,medium,0.8,1week,False,no_price_data,,,,,
2026-02-24,llm-sentiment-v1-haiku,llm-horizon-v1-default,USD,https://investinglive.com/news/investinglive-asia-pacific-fx-news-wrap-tariff-uncertainty-persists-china-rises-20260224/,bearish,medium,0.7,1week,False,no_price_data,,,,,
2026-02-24,llm-sentiment-v1-haiku,llm-horizon-v1-default,USD,https://investinglive.com/news/us-february-dallas-fed-manufacturing-index-02-vs-12-prior-20260223/,bullish,medium,0.8,1week,False,no_price_data,,,,,
2026-02-24,llm-sentiment-v1-haiku,llm-horizon-v1-default,USD,https://www.fxstreet.com/news/forex-today-us-dollar-firms-after-trumps-tariff-ruling-and-hawkish-fed-stance-202602242033,bullish,medium,0.8,1week,False,no_price_data,,,,,
2026-02-24,llm-sentiment-v1-haiku,llm-horizon-v1-default,USD,https://www.fxstreet.com/news/usd-chf-price-forecast-tests-20-day-sma-as-franc-outperforms-202602242013,bearish,small,0.7,3day,False,no_price_data,,,,,
2026-02-24,llm-sentiment-v1-haiku,llm-horizon-v1-default,USD,https://www.fxstreet.com/news/inr-cautious-relief-after-us-tariff-ruling-dbs-202602241943,bullish,small,0.7,3day,False,no_price_data,,,,,
2026-02-24,llm-sentiment-v1-haiku,llm-horizon-v1-default,USD,https://www.fxstreet.com/news/gold-pulls-back-from-5-249-as-us-dollar-firms-on-fed-rhetoric-202602241900,bullish,medium,0.8,3day,False,no_price_data,,,,,
2026-02-24,llm-sentiment-v1-haiku,llm-horizon-v1-default,USD,https://www.fxstreet.com/news/usd-krw-range-trade-with-slight-downside-bias-ocbc-202602241828,neutral,small,0.7,1week,False,no_price_data,,,,,
2026-02-24,llm-sentiment-v1-haiku,llm-horizon-v1-default,USD,https://www.fxstreet.com/news/usd-jpy-price-forecast-bullish-bias-builds-above-15500-support-202602241752,bullish,medium,0.8,1week,False,no_price_data,,,,,
2026-02-24,llm-sentiment-v1-haiku,llm-horizon-v1-default,USD,https://www.fxstreet.com/news/gbp-usd-rises-past-13500-as-bailey-hints-at-easing-us-dollar-firms-202602241633,bullish,medium,0.8,1week,False,no_price_data,,,,,
2026-02-24,llm-sentiment-v1-haiku,llm-horizon-v1-default,USD,https://www.fxstreet.com/news/usd-jpy-advances-on-us-confidence-rebound-japanese-monetary-policy-concerns-202602241616,bullish,medium,0.8,3day,False,no_price_data,,,,,
2026-02-24,llm-sentiment-v1-haiku,llm-horizon-v1-default,USD,https://www.fxstreet.com/news/usd-cad-steadies-as-stronger-us-dollar-pressures-loonie-202602241615,bullish,medium,0.8,3day,False,no_price_data,,,,,
2026-02-24,llm-sentiment-v1-haiku,llm-horizon-v1-default,USD,https://www.fxstreet.com/news/silver-price-forecast-xag-usd-pulls-back-from-89-as-tariff-rally-fades-into-profit-taking-202602241608,bullish,medium,0.8,3day,False,no_price_data,,,,,
2026-02-24,llm-sentiment-v1-haiku,llm-horizon-v1-default,USD,https://www.fxstreet.com/news/nzd-usd-struggles-as-us-dollar-gains-on-fed-signals-trade-tensions-202602241435,bearish,medium,0.7,3day,False,no_price_data,,,,,
2026-02-24,llm-sentiment-v1-haiku,llm-horizon-v1-default,USD,https://www.fxstreet.com/news/usd-squeeze-risk-on-geopolitical-escalation-ocbc-202602241431,bearish,medium,0.8,2week,False,no_price_data,,,,,
2026-02-24,llm-sentiment-v1-haiku,,USD,https://timesofindia.indiatimes.com/city/patna/sakri-raiyam-sugar-mills-to-be-revived/articleshow/128726472.cms,neutral,null,0.7,unclear,False,no_price_data,,,,,
2026-02-24,llm-sentiment-v1-haiku,,USD,https://www.channelnewsasia.com/business/cryptocom-gets-conditional-us-approval-national-trust-bank-charter-5948021,neutral,small,0.7,unclear,False,no_price_data,,,,,
2026-02-24,llm-sentiment-v1-haiku,,USD,https://financialpost.com/pmn/business-pmn/omers-earns-6-as-stock-gains-offset-losses-from-pe-us-dollar,bearish,medium,0.8,unclear,False,no_price_data,,,,,
2026-02-24,llm-sentiment-v1-haiku,,USD,https://financialpost.com/fp-finance/omers-stock-gains-offset-losses-pe-us-dollar,bearish,small,0.7,unclear,False,no_price_data,,,,,
2026-02-24,llm-sentiment-v1-haiku,llm-horizon-v1-default,USD,https://finance.yahoo.com/news/walmart-dollar-stores-beat-traditional-133039370.html,bearish,medium,0.7,1month,False,no_price_data,,,,,
2026-02-25,keyword-sentiment-v1.1-standard,llm-horizon-v1-default,USD,https://investinglive.com/news/australian-january-cpi-38-yy-expected-37-prior-38-20260225/,bullish,small,0.5,3day,False,no_price_data,,,,,
2026-02-25,keyword-sentiment-v1.1-standard,llm-horizon-v1-default,USD,https://www.fxstreet.com/news/feds-musalem-looking-forward-to-learning-what-warshs-priorities-might-be-202602252010,neutral,,0.3,1week,False,no_price_data,,,,,
2026-02-25,keyword-sentiment-v1.1-standard,llm-horizon-v1-default,USD,https://www.fxstreet.com/news/usd-zar-range-floor-at-risk-as-zar-richens-societe-generale-202602251958,bearish,small,0.75,1week,False,no_price_data,,,,,
2026-02-25,keyword-sentiment-v1.1-standard,llm-horizon-v1-default,USD,https://www.fxstreet.com/news/usd-chf-price-forecast-consolidates-in-bearish-triangle-threatens-breakdown-202602251940,neutral,,0.3,3day,False,no_price_data,,,,,
2026-02-25,keyword-sentiment-v1.1-standard,llm-horizon-v1-default,USD,https://www.fxstreet.com/news/xag-usd-surges-above-90-as-tariff-fears-temper-and-supply-deficit-fuels-rally-202602251934,bearish,small,0.9,1week,False,no_price_data,,,,,
2026-02-25,keyword-sentiment-v1.1-standard,llm-horizon-v1-default,USD,https://www.fxstreet.com/news/aud-usd-jumps-as-hot-cpi-fuels-rba-tightening-bets-202602251909,bearish,medium,0.9,3day,False,no_price_data,,,,,
2026-02-25,keyword-sentiment-v1.1-standard,llm-horizon-v1-default,USD,https://www.fxstreet.com/news/gold-reclaims-5-200-on-trade-jitters-and-fed-cut-bets-202602251810,bearish,small,0.9,1week,False,no_price_data,,,,,
2026-02-25,keyword-sentiment-v1.1-standard,llm-horizon-v1-default,USD,https://www.fxstreet.com/news/feds-schmid-politics-do-not-enter-fed-policy-debates-202602251752,neutral,,0.3,1week,False,no_price_data,,,,,
2026-02-25,keyword-sentiment-v1.1-standard,llm-horizon-v1-default,USD,https://www.fxstreet.com/news/usd-jpy-advances-as-japanese-yen-falters-on-reduced-boj-tightening-confidence-202602251727,bearish,medium,0.9,1week,False,no_price_data,,,,,
2026-02-25,keyword-sentiment-v1.1-standard,llm-horizon-v1-default,USD,https://www.fxstreet.com/news/nzd-usd-climbs-on-weaker-us-dollar-following-trumps-state-of-the-union-202602251606,neutral,,0.3,3day,False,no_price_data,,,,,
2026-02-25,keyword-sentiment-v1.1-standard,llm-horizon-v1-default,USD,https://www.fxstreet.com/news/gbp-usd-climbs-as-usd-stalls-amid-trade-uncertainty-202602251528,bearish,small,0.75,1day,False,no_price_data,,,,,
2026-02-25,keyword-sentiment-v1.1-standard,llm-horizon-v1-default,USD,https://www.fxstreet.com/news/gold-consolidates-as-investors-weigh-us-tariffs-iran-talks-and-fed-outlook-202602251153,bearish,small,0.75,1week,False,no_price_data,,,,,
2026-02-25,keyword-sentiment-v1.1-standard,llm-horizon-v1-default,USD,https://www.fxstreet.com/news/silver-price-forecast-rsi-recovers-above-50-upside-bias-builds-202602241245,bearish,small,0.9,3day,False,no_price_data,,,,,
2026-02-25,keyword-sentiment-v1.1-standard,llm-horizon-v1-default,USD,https://www.fxstreet.com/news/gbp-usd-rich-valuation-under-rising-boe-cut-risk-hsbc-202602251435,bullish,medium,0.9,1week,False,no_price_data,,,,,
2026-02-25,keyword-sentiment-v1.1-standard,llm-horizon-v1-default,USD,https://www.fxstreet.com/news/silver-rises-sharply-on-safe-haven-demand-amid-trade-geopolitical-risks-202602251423,neutral,,0.3,2week,False,no_price_data,,,,,
2026-02-25,keyword-sentiment-v1.1-standard,llm-horizon-v1-default,USD,https://www.fxstreet.com/news/us-confidence-improves-as-fed-stays-cautious-dbs-202602251408,bearish,small,0.75,1week,False,no_price_data,,,,,
2026-02-25,keyword-sentiment-v1.1-standard,llm-horizon-v1-default,USD,https://www.fxstreet.com/news/usd-chf-climbs-as-shifting-fed-outlook-supports-the-greenback-202602251253,bullish,medium,0.9,3day,False,no_price_data,,,,,
2026-02-25,keyword-sentiment-v1.1-standard,llm-horizon-v1-default,USD,https://www.fxstreet.com/news/aud-usd-rises-on-robust-inflation-data-boosting-rba-tightening-bets-202602251239,bearish,large,0.9,1week,False,no_price_data,,,,,
2026-02-25,keyword-sentiment-v1.1-standard,llm-horizon-v1-default,USD,https://www.marketwatch.com/story/trump-digs-in-his-heels-on-tariffs-with-major-implications-for-the-u-s-dollar-6b31badd?mod=mw_rss_topstories,neutral,,0.3,1week,False,no_price_data,,,,,
2026-02-25,keyword-sentiment-v1.1-standard,,USD,https://www.thehindubusinessline.com/markets/forex/rupee-declines-6-paise-to-settle-at-9095-against-us-dollar/article70670796.ece,bearish,medium,0.9,unclear,False,no_price_data,,,,,
2026-02-25,keyword-sentiment-v1.1-standard,,USD,http://www.newsbtc.com/analysis/doge/dogecoin-doge-dips-into-red-0-10/,neutral,,0.3,unclear,False,no_price_data,,,,,
2026-02-25,keyword-sentiment-v1.1-standard,,USD,https://www.thehindubusinessline.com/markets/forex/rupee-falls-7-paise-to-9096-against-the-us-dollar-in-early-trade/article70669787.ece,bearish,medium,0.9,unclear,False,no_price_data,,,,,
2026-02-25,keyword-sentiment-v1.1-standard,,USD,https://economictimes.indiatimes.com/markets/forex/forex-news/rupee-falls-7-paise-to-90-96-against-the-us-dollar-in-early-trade/articleshow/128739851.cms,bearish,small,0.9,unclear,False,no_price_data,,,,,
2026-02-25,keyword-sentiment-v1.1-standard,,USD,https://opensea.io/blog/articles/stablecoins-for-consumers,neutral,,0.3,unclear,False,no_price_data,,,,,
2026-02-25,keyword-sentiment-v1.1-standard,,USD,https://www.globenewswire.com/news-release/2026/02/24/3243733/0/en/21shares-Launches-Spot-Sui-ETF-TSUI-in-the-United-States.html,neutral,,0.3,unclear,False,no_price_data,,,,,
2026-02-25,keyword-sentiment-v1.1-standard,llm-horizon-v1-default,USD,https://investinglive.com/news/imfs-georgieva-says-tariffs-lifted-us-goods-inflation-backs-fed-rate-at-32535-20260225/,bearish,small,0.75,2week,False,no_price_data,,,,,
2026-02-25,keyword-sentiment-v1.1-standard,llm-horizon-v1-default,USD,https://investinglive.com/news/imf-sees-us-growth-at-24-in-2026-urges-deficit-cuts-as-debt-heads-to-140-gdp-20260225/,neutral,,0.3,1month,False,no_price_data,,,,,
2026-02-25,keyword-sentiment-v1.1-standard,llm-horizon-v1-default,USD,https://investinglive.com/news/investinglive-americas-fx-news-wrap-25-feb-the-usd-moves-lower-ahead-of-nvidia-earnings-20260225/,bullish,small,0.75,1day,False,no_price_data,,,,,
2026-02-25,keyword-sentiment-v1.1-standard,llm-horizon-v1-default,USD,https://www.fxstreet.com/news/forex-today-australian-dollar-surges-to-two-week-highs-after-strong-cpi-data-202602252044,bullish,medium,0.9,3day,False,no_price_data,,,,,
2026-02-25,keyword-sentiment-v1.1-standard,llm-horizon-v1-default,USD,https://www.fxstreet.com/news/usd-cny-watching-fix-as-downside-bias-persists-ocbc-202602252042,bearish,small,0.9,1week,False,no_price_data,,,,,
2026-02-25,llm-sentiment-v1-haiku,llm-horizon-v1-default,USD,https://investinglive.com/news/australian-january-cpi-38-yy-expected-37-prior-38-20260225/,bearish,medium,0.8,3day,False,no_price_data,,,,,
2026-02-25,llm-sentiment-v1-haiku,llm-horizon-v1-default,USD,https://www.fxstreet.com/news/feds-musalem-looking-forward-to-learning-what-warshs-priorities-might-be-202602252010,bearish,medium,0.7,1week,False,no_price_data,,,,,
2026-02-25,llm-sentiment-v1-haiku,llm-horizon-v1-default,USD,https://www.fxstreet.com/news/usd-zar-range-floor-at-risk-as-zar-richens-societe-generale-202602251958,bearish,medium,0.7,1week,False,no_price_data,,,,,
2026-02-25,llm-sentiment-v1-haiku,llm-horizon-v1-default,USD,https://www.fxstreet.com/news/usd-chf-price-forecast-consolidates-in-bearish-triangle-threatens-breakdown-202602251940,bearish,small,0.7,3day,False,no_price_data,,,,,
2026-02-25,llm-sentiment-v1-haiku,llm-horizon-v1-default,USD,https://www.fxstreet.com/news/xag-usd-surges-above-90-as-tariff-fears-temper-and-supply-deficit-fuels-rally-202602251934,bullish,medium,0.8,1week,False,no_price_data,,,,,
2026-02-25,llm-sentiment-v1-haiku,llm-horizon-v1-default,USD,https://www.fxstreet.com/news/aud-usd-jumps-as-hot-cpi-fuels-rba-tightening-bets-202602251909,bullish,medium,0.8,3day,False,no_price_data,,,,,
2026-02-25,llm-sentiment-v1-haiku,llm-horizon-v1-default,USD,https://www.fxstreet.com/news/gold-reclaims-5-200-on-trade-jitters-and-fed-cut-bets-202602251810,bearish,medium,0.8,1week,False,no_price_data,,,,,
2026-02-25,llm-sentiment-v1-haiku,llm-horizon-v1-default,USD,https://www.fxstreet.com/news/feds-schmid-politics-do-not-enter-fed-policy-debates-202602251752,bullish,medium,0.8,1week,False,no_price_data,,,,,
2026-02-25,llm-sentiment-v1-haiku,llm-horizon-v1-default,USD,https://www.fxstreet.com/news/usd-jpy-advances-as-japanese-yen-falters-on-reduced-boj-tightening-confidence-202602251727,bullish,medium,0.8,1week,False,no_price_data,,,,,
2026-02-25,llm-sentiment-v1-haiku,llm-horizon-v1-default,USD,https://www.fxstreet.com/news/nzd-usd-climbs-on-weaker-us-dollar-following-trumps-state-of-the-union-202602251606,bullish,medium,0.8,3day,False,no_price_data,,,,,
2026-02-25,llm-sentiment-v1-haiku,llm-horizon-v1-default,USD,https://www.fxstreet.com/news/gbp-usd-climbs-as-usd-stalls-amid-trade-uncertainty-202602251528,bullish,medium,0.8,1day,False,no_price_data,,,,,
2026-02-25,llm-sentiment-v1-haiku,llm-horizon-v1-default,USD,https://www.fxstreet.com/news/gold-consolidates-as-investors-weigh-us-tariffs-iran-talks-and-fed-outlook-202602251153,bearish,medium,0.7,1week,False,no_price_data,,,,,
2026-02-25,llm-sentiment-v1-haiku,llm-horizon-v1-default,USD,https://www.fxstreet.com/news/silver-price-forecast-rsi-recovers-above-50-upside-bias-builds-202602241245,neutral,small,0.7,3day,False,no_price_data,,,,,
2026-02-25,llm-sentiment-v1-haiku,llm-horizon-v1-default,USD,https://www.fxstreet.com/news/gbp-usd-rich-valuation-under-rising-boe-cut-risk-hsbc-202602251435,bullish,medium,0.8,1week,False,no_price_data,,,,,
2026-02-25,llm-sentiment-v1-haiku,llm-horizon-v1-default,USD,https://www.fxstreet.com/news/silver-rises-sharply-on-safe-haven-demand-amid-trade-geopolitical-risks-202602251423,bearish,medium,0.8,2week,False,no_price_data,,,,,
2026-02-25,llm-sentiment-v1-haiku,llm-horizon-v1-default,USD,https://www.fxstreet.com/news/us-confidence-improves-as-fed-stays-cautious-dbs-202602251408,bullish,medium,0.7,1week,False,no_price_data,,,,,
2026-02-25,llm-sentiment-v1-haiku,llm-horizon-v1-default,USD,https://www.fxstreet.com/news/usd-chf-climbs-as-shifting-fed-outlook-supports-the-greenback-202602251253,bullish,medium,0.8,3day,False,no_price_data,,,,,
2026-02-25,llm-sentiment-v1-haiku,llm-horizon-v1-default,USD,https://www.fxstreet.com/news/aud-usd-rises-on-robust-inflation-data-boosting-rba-tightening-bets-202602251239,bullish,medium,0.8,1week,False,no_price_data,,,,,
2026-02-25,llm-sentiment-v1-haiku,llm-horizon-v1-default,USD,https://www.marketwatch.com/story/trump-digs-in-his-heels-on-tariffs-with-major-implications-for-the-u-s-dollar-6b31badd?mod=mw_rss_topstories,bearish,medium,0.8,1week,False,no_price_data,,,,,
2026-02-25,llm-sentiment-v1-haiku,,USD,https://www.thehindubusinessline.com/markets/forex/rupee-declines-6-paise-to-settle-at-9095-against-us-dollar/article70670796.ece,bearish,small,0.7,unclear,False,no_price_data,,,,,
2026-02-25,llm-sentiment-v1-haiku,,USD,http://www.newsbtc.com/analysis/doge/dogecoin-doge-dips-into-red-0-10/,bearish,small,0.7,unclear,False,no_price_data,,,,,
2026-02-25,llm-sentiment-v1-haiku,,USD,https://www.thehindubusinessline.com/markets/forex/rupee-falls-7-paise-to-9096-against-the-us-dollar-in-early-trade/article70669787.ece,bearish,small,0.8,unclear,False,no_price_data,,,,,
2026-02-25,llm-sentiment-v1-haiku,,USD,https://economictimes.indiatimes.com/markets/forex/forex-news/rupee-falls-7-paise-to-90-96-against-the-us-dollar-in-early-trade/articleshow/128739851.cms,bearish,small,0.8,unclear,False,no_price_data,,,,,
2026-02-25,llm-sentiment-v1-haiku,,USD,https://opensea.io/blog/articles/stablecoins-for-consumers,bullish,medium,0.7,unclear,False,no_price_data,,,,,
2026-02-25,llm-sentiment-v1-haiku,,USD,https://www.globenewswire.com/news-release/2026/02/24/3243733/0/en/21shares-Launches-Spot-Sui-ETF-TSUI-in-the-United-States.html,neutral,null,0.5,unclear,False,no_price_data,,,,,
2026-02-25,llm-sentiment-v1-haiku,llm-horizon-v1-default,USD,https://investinglive.com/news/imfs-georgieva-says-tariffs-lifted-us-goods-inflation-backs-fed-rate-at-32535-20260225/,bullish,medium,0.8,2week,False,no_price_data,,,,,
2026-02-25,llm-sentiment-v1-haiku,llm-horizon-v1-default,USD,https://investinglive.com/news/imf-sees-us-growth-at-24-in-2026-urges-deficit-cuts-as-debt-heads-to-140-gdp-20260225/,bearish,medium,0.8,1month,False,no_price_data,,,,,
2026-02-25,llm-sentiment-v1-haiku,llm-horizon-v1-default,USD,https://investinglive.com/news/investinglive-americas-fx-news-wrap-25-feb-the-usd-moves-lower-ahead-of-nvidia-earnings-20260225/,bearish,medium,0.8,1day,False,no_price_data,,,,,
2026-02-25,llm-sentiment-v1-haiku,llm-horizon-v1-default,USD,https://www.fxstreet.com/news/forex-today-australian-dollar-surges-to-two-week-highs-after-strong-cpi-data-202602252044,bearish,medium,0.8,3day,False,no_price_data,,,,,
2026-02-25,llm-sentiment-v1-haiku,llm-horizon-v1-default,USD,https://www.fxstreet.com/news/usd-cny-watching-fix-as-downside-bias-persists-ocbc-202602252042,bearish,medium,0.8,1week,False,no_price_data,,,,,
2026-02-25,keyword-sentiment-v1.1-standard,llm-horizon-v1-default,USD,https://investinglive.com/news/australian-january-cpi-38-yy-expected-37-prior-38-20260225/,bullish,small,0.5,3day,False,no_price_data,,,,,
2026-02-25,keyword-sentiment-v1.1-standard,llm-horizon-v1-default,USD,https://www.fxstreet.com/news/feds-musalem-looking-forward-to-learning-what-warshs-priorities-might-be-202602252010,neutral,,0.3,1week,False,no_price_data,,,,,
2026-02-25,keyword-sentiment-v1.1-standard,llm-horizon-v1-default,USD,https://www.fxstreet.com/news/usd-zar-range-floor-at-risk-as-zar-richens-societe-generale-202602251958,bearish,small,0.75,1week,False,no_price_data,,,,,
2026-02-25,keyword-sentiment-v1.1-standard,llm-horizon-v1-default,USD,https://www.fxstreet.com/news/usd-chf-price-forecast-consolidates-in-bearish-triangle-threatens-breakdown-202602251940,neutral,,0.3,3day,False,no_price_data,,,,,
2026-02-25,keyword-sentiment-v1.1-standard,llm-horizon-v1-default,USD,https://www.fxstreet.com/news/xag-usd-surges-above-90-as-tariff-fears-temper-and-supply-deficit-fuels-rally-202602251934,bearish,small,0.9,1week,False,no_price_data,,,,,
2026-02-25,keyword-sentiment-v1.1-standard,llm-horizon-v1-default,USD,https://www.fxstreet.com/news/aud-usd-jumps-as-hot-cpi-fuels-rba-tightening-bets-202602251909,bearish,medium,0.9,3day,False,no_price_data,,,,,
2026-02-25,keyword-sentiment-v1.1-standard,llm-horizon-v1-default,USD,https://www.fxstreet.com/news/gold-reclaims-5-200-on-trade-jitters-and-fed-cut-bets-202602251810,bearish,small,0.9,1week,False,no_price_data,,,,,
2026-02-25,keyword-sentiment-v1.1-standard,llm-horizon-v1-default,USD,https://www.fxstreet.com/news/feds-schmid-politics-do-not-enter-fed-policy-debates-202602251752,neutral,,0.3,1week,False,no_price_data,,,,,
2026-02-25,keyword-sentiment-v1.1-standard,llm-horizon-v1-default,USD,https://www.fxstreet.com/news/usd-jpy-advances-as-japanese-yen-falters-on-reduced-boj-tightening-confidence-202602251727,bearish,medium,0.9,1week,False,no_price_data,,,,,
2026-02-25,keyword-sentiment-v1.1-standard,llm-horizon-v1-default,USD,https://www.fxstreet.com/news/nzd-usd-climbs-on-weaker-us-dollar-following-trumps-state-of-the-union-202602251606,neutral,,0.3,3day,False,no_price_data,,,,,
2026-02-25,keyword-sentiment-v1.1-standard,llm-horizon-v1-default,USD,https://www.fxstreet.com/news/gbp-usd-climbs-as-usd-stalls-amid-trade-uncertainty-202602251528,bearish,small,0.75,1day,False,no_price_data,,,,,
2026-02-25,keyword-sentiment-v1.1-standard,llm-horizon-v1-default,USD,https://www.fxstreet.com/news/gold-consolidates-as-investors-weigh-us-tariffs-iran-talks-and-fed-outlook-202602251153,bearish,small,0.75,1week,False,no_price_data,,,,,
2026-02-25,keyword-sentiment-v1.1-standard,llm-horizon-v1-default,USD,https://www.fxstreet.com/news/silver-price-forecast-rsi-recovers-above-50-upside-bias-builds-202602241245,bearish,small,0.9,3day,False,no_price_data,,,,,
2026-02-25,keyword-sentiment-v1.1-standard,llm-horizon-v1-default,USD,https://www.fxstreet.com/news/gbp-usd-rich-valuation-under-rising-boe-cut-risk-hsbc-202602251435,bullish,medium,0.9,1week,False,no_price_data,,,,,
2026-02-25,keyword-sentiment-v1.1-standard,llm-horizon-v1-default,USD,https://www.fxstreet.com/news/silver-rises-sharply-on-safe-haven-demand-amid-trade-geopolitical-risks-202602251423,neutral,,0.3,2week,False,no_price_data,,,,,
2026-02-25,keyword-sentiment-v1.1-standard,llm-horizon-v1-default,USD,https://www.fxstreet.com/news/us-confidence-improves-as-fed-stays-cautious-dbs-202602251408,bearish,small,0.75,1week,False,no_price_data,,,,,
2026-02-25,keyword-sentiment-v1.1-standard,llm-horizon-v1-default,USD,https://www.fxstreet.com/news/usd-chf-climbs-as-shifting-fed-outlook-supports-the-greenback-202602251253,bullish,medium,0.9,3day,False,no_price_data,,,,,
2026-02-25,keyword-sentiment-v1.1-standard,llm-horizon-v1-default,USD,https://www.fxstreet.com/news/aud-usd-rises-on-robust-inflation-data-boosting-rba-tightening-bets-202602251239,bearish,large,0.9,1week,False,no_price_data,,,,,
2026-02-25,keyword-sentiment-v1.1-standard,llm-horizon-v1-default,USD,https://www.marketwatch.com/story/trump-digs-in-his-heels-on-tariffs-with-major-implications-for-the-u-s-dollar-6b31badd?mod=mw_rss_topstories,neutral,,0.3,1week,False,no_price_data,,,,,
2026-02-25,keyword-sentiment-v1.1-standard,,USD,https://www.thehindubusinessline.com/markets/forex/rupee-declines-6-paise-to-settle-at-9095-against-us-dollar/article70670796.ece,bearish,medium,0.9,unclear,False,no_price_data,,,,,
2026-02-25,keyword-sentiment-v1.1-standard,,USD,http://www.newsbtc.com/analysis/doge/dogecoin-doge-dips-into-red-0-10/,neutral,,0.3,unclear,False,no_price_data,,,,,
2026-02-25,keyword-sentiment-v1.1-standard,,USD,https://www.thehindubusinessline.com/markets/forex/rupee-falls-7-paise-to-9096-against-the-us-dollar-in-early-trade/article70669787.ece,bearish,medium,0.9,unclear,False,no_price_data,,,,,
2026-02-25,keyword-sentiment-v1.1-standard,,USD,https://economictimes.indiatimes.com/markets/forex/forex-news/rupee-falls-7-paise-to-90-96-against-the-us-dollar-in-early-trade/articleshow/128739851.cms,bearish,small,0.9,unclear,False,no_price_data,,,,,
2026-02-25,keyword-sentiment-v1.1-standard,,USD,https://opensea.io/blog/articles/stablecoins-for-consumers,neutral,,0.3,unclear,False,no_price_data,,,,,
2026-02-25,keyword-sentiment-v1.1-standard,,USD,https://www.globenewswire.com/news-release/2026/02/24/3243733/0/en/21shares-Launches-Spot-Sui-ETF-TSUI-in-the-United-States.html,neutral,,0.3,unclear,False,no_price_data,,,,,
2026-02-25,keyword-sentiment-v1.1-standard,llm-horizon-v1-default,USD,https://investinglive.com/news/imfs-georgieva-says-tariffs-lifted-us-goods-inflation-backs-fed-rate-at-32535-20260225/,bearish,small,0.75,2week,False,no_price_data,,,,,
2026-02-25,keyword-sentiment-v1.1-standard,llm-horizon-v1-default,USD,https://investinglive.com/news/imf-sees-us-growth-at-24-in-2026-urges-deficit-cuts-as-debt-heads-to-140-gdp-20260225/,neutral,,0.3,1month,False,no_price_data,,,,,
2026-02-25,keyword-sentiment-v1.1-standard,llm-horizon-v1-default,USD,https://investinglive.com/news/investinglive-americas-fx-news-wrap-25-feb-the-usd-moves-lower-ahead-of-nvidia-earnings-20260225/,bullish,small,0.75,1day,False,no_price_data,,,,,
2026-02-25,keyword-sentiment-v1.1-standard,llm-horizon-v1-default,USD,https://www.fxstreet.com/news/forex-today-australian-dollar-surges-to-two-week-highs-after-strong-cpi-data-202602252044,bullish,medium,0.9,3day,False,no_price_data,,,,,
2026-02-25,keyword-sentiment-v1.1-standard,llm-horizon-v1-default,USD,https://www.fxstreet.com/news/usd-cny-watching-fix-as-downside-bias-persists-ocbc-202602252042,bearish,small,0.9,1week,False,no_price_data,,,,,
2026-02-25,llm-sentiment-v1-haiku,llm-horizon-v1-default,USD,https://investinglive.com/news/australian-january-cpi-38-yy-expected-37-prior-38-20260225/,bearish,medium,0.8,3day,False,no_price_data,,,,,
2026-02-25,llm-sentiment-v1-haiku,llm-horizon-v1-default,USD,https://www.fxstreet.com/news/feds-musalem-looking-forward-to-learning-what-warshs-priorities-might-be-202602252010,bearish,medium,0.8,1week,False,no_price_data,,,,,
2026-02-25,llm-sentiment-v1-haiku,llm-horizon-v1-default,USD,https://www.fxstreet.com/news/usd-zar-range-floor-at-risk-as-zar-richens-societe-generale-202602251958,bearish,medium,0.7,1week,False,no_price_data,,,,,
2026-02-25,llm-sentiment-v1-haiku,llm-horizon-v1-default,USD,https://www.fxstreet.com/news/usd-chf-price-forecast-consolidates-in-bearish-triangle-threatens-breakdown-202602251940,bearish,small,0.8,3day,False,no_price_data,,,,,
2026-02-25,llm-sentiment-v1-haiku,llm-horizon-v1-default,USD,https://www.fxstreet.com/news/xag-usd-surges-above-90-as-tariff-fears-temper-and-supply-deficit-fuels-rally-202602251934,bullish,medium,0.8,1week,False,no_price_data,,,,,
2026-02-25,llm-sentiment-v1-haiku,llm-horizon-v1-default,USD,https://www.fxstreet.com/news/aud-usd-jumps-as-hot-cpi-fuels-rba-tightening-bets-202602251909,bullish,medium,0.8,3day,False,no_price_data,,,,,
2026-02-25,llm-sentiment-v1-haiku,llm-horizon-v1-default,USD,https://www.fxstreet.com/news/gold-reclaims-5-200-on-trade-jitters-and-fed-cut-bets-202602251810,bearish,medium,0.8,1week,False,no_price_data,,,,,
2026-02-25,llm-sentiment-v1-haiku,llm-horizon-v1-default,USD,https://www.fxstreet.com/news/feds-schmid-politics-do-not-enter-fed-policy-debates-202602251752,bullish,medium,0.8,1week,False,no_price_data,,,,,
2026-02-25,llm-sentiment-v1-haiku,llm-horizon-v1-default,USD,https://www.fxstreet.com/news/usd-jpy-advances-as-japanese-yen-falters-on-reduced-boj-tightening-confidence-202602251727,bullish,medium,0.8,1week,False,no_price_data,,,,,
2026-02-25,llm-sentiment-v1-haiku,llm-horizon-v1-default,USD,https://www.fxstreet.com/news/nzd-usd-climbs-on-weaker-us-dollar-following-trumps-state-of-the-union-202602251606,bullish,medium,0.8,3day,False,no_price_data,,,,,
2026-02-25,llm-sentiment-v1-haiku,llm-horizon-v1-default,USD,https://www.fxstreet.com/news/gbp-usd-climbs-as-usd-stalls-amid-trade-uncertainty-202602251528,bullish,medium,0.8,1day,False,no_price_data,,,,,
2026-02-25,llm-sentiment-v1-haiku,llm-horizon-v1-default,USD,https://www.fxstreet.com/news/gold-consolidates-as-investors-weigh-us-tariffs-iran-talks-and-fed-outlook-202602251153,bearish,medium,0.7,1week,False,no_price_data,,,,,
2026-02-25,llm-sentiment-v1-haiku,llm-horizon-v1-default,USD,https://www.fxstreet.com/news/silver-price-forecast-rsi-recovers-above-50-upside-bias-builds-202602241245,neutral,small,0.7,3day,False,no_price_data,,,,,
2026-02-25,llm-sentiment-v1-haiku,llm-horizon-v1-default,USD,https://www.fxstreet.com/news/gbp-usd-rich-valuation-under-rising-boe-cut-risk-hsbc-202602251435,bullish,medium,0.8,1week,False,no_price_data,,,,,
2026-02-25,llm-sentiment-v1-haiku,llm-horizon-v1-default,USD,https://www.fxstreet.com/news/silver-rises-sharply-on-safe-haven-demand-amid-trade-geopolitical-risks-202602251423,bearish,medium,0.8,2week,False,no_price_data,,,,,
2026-02-25,llm-sentiment-v1-haiku,llm-horizon-v1-default,USD,https://www.fxstreet.com/news/us-confidence-improves-as-fed-stays-cautious-dbs-202602251408,bullish,medium,0.8,1week,False,no_price_data,,,,,
2026-02-25,llm-sentiment-v1-haiku,llm-horizon-v1-default,USD,https://www.fxstreet.com/news/usd-chf-climbs-as-shifting-fed-outlook-supports-the-greenback-202602251253,bullish,medium,0.8,3day,False,no_price_data,,,,,
2026-02-25,llm-sentiment-v1-haiku,llm-horizon-v1-default,USD,https://www.fxstreet.com/news/aud-usd-rises-on-robust-inflation-data-boosting-rba-tightening-bets-202602251239,bullish,medium,0.8,1week,False,no_price_data,,,,,
2026-02-25,llm-sentiment-v1-haiku,llm-horizon-v1-default,USD,https://www.marketwatch.com/story/trump-digs-in-his-heels-on-tariffs-with-major-implications-for-the-u-s-dollar-6b31badd?mod=mw_rss_topstories,bearish,medium,0.8,1week,False,no_price_data,,,,,
2026-02-25,llm-sentiment-v1-haiku,,USD,https://www.thehindubusinessline.com/markets/forex/rupee-declines-6-paise-to-settle-at-9095-against-us-dollar/article70670796.ece,bearish,small,0.7,unclear,False,no_price_data,,,,,
2026-02-25,llm-sentiment-v1-haiku,,USD,http://www.newsbtc.com/analysis/doge/dogecoin-doge-dips-into-red-0-10/,bearish,small,0.7,unclear,False,no_price_data,,,,,
2026-02-25,llm-sentiment-v1-haiku,,USD,https://www.thehindubusinessline.com/markets/forex/rupee-falls-7-paise-to-9096-against-the-us-dollar-in-early-trade/article70669787.ece,bearish,small,0.8,unclear,False,no_price_data,,,,,
2026-02-25,llm-sentiment-v1-haiku,,USD,https://economictimes.indiatimes.com/markets/forex/forex-news/rupee-falls-7-paise-to-90-96-against-the-us-dollar-in-early-trade/articleshow/128739851.cms,bearish,small,0.8,unclear,False,no_price_data,,,,,
2026-02-25,llm-sentiment-v1-haiku,,USD,https://opensea.io/blog/articles/stablecoins-for-consumers,bullish,medium,0.7,unclear,False,no_price_data,,,,,
2026-02-25,llm-sentiment-v1-haiku,,USD,https://www.globenewswire.com/news-release/2026/02/24/3243733/0/en/21shares-Launches-Spot-Sui-ETF-TSUI-in-the-United-States.html,neutral,null,0.5,unclear,False,no_price_data,,,,,
2026-02-25,llm-sentiment-v1-haiku,llm-horizon-v1-default,USD,https://investinglive.com/news/imfs-georgieva-says-tariffs-lifted-us-goods-inflation-backs-fed-rate-at-32535-20260225/,bullish,medium,0.8,2week,False,no_price_data,,,,,
2026-02-25,llm-sentiment-v1-haiku,llm-horizon-v1-default,USD,https://investinglive.com/news/imf-sees-us-growth-at-24-in-2026-urges-deficit-cuts-as-debt-heads-to-140-gdp-20260225/,bearish,medium,0.8,1month,False,no_price_data,,,,,
2026-02-25,llm-sentiment-v1-haiku,llm-horizon-v1-default,USD,https://investinglive.com/news/investinglive-americas-fx-news-wrap-25-feb-the-usd-moves-lower-ahead-of-nvidia-earnings-20260225/,bearish,medium,0.8,1day,False,no_price_data,,,,,
2026-02-25,llm-sentiment-v1-haiku,llm-horizon-v1-default,USD,https://www.fxstreet.com/news/forex-today-australian-dollar-surges-to-two-week-highs-after-strong-cpi-data-202602252044,bearish,medium,0.8,3day,False,no_price_data,,,,,
2026-02-25,llm-sentiment-v1-haiku,llm-horizon-v1-default,USD,https://www.fxstreet.com/news/usd-cny-watching-fix-as-downside-bias-persists-ocbc-202602252042,bearish,medium,0.8,1week,False,no_price_data,,,,,
2026-02-25,keyword-sentiment-v1.1-standard,llm-horizon-v1-default,SEK,https://www.fxstreet.com/news/pln-dovish-nbp-and-rate-cut-debate-ing-202602251912,bearish,medium,0.9,1week,False,no_price_data,,,,,
2026-02-25,keyword-sentiment-v1.1-standard,llm-horizon-v1-default,SEK,https://www.fxstreet.com/news/sweden-soft-services-inflation-keep-riksbank-cautious-nordea-202602251632,bearish,small,0.9,1week,False,no_price_data,,,,,
2026-02-25,llm-sentiment-v1-haiku,llm-horizon-v1-default,SEK,https://www.fxstreet.com/news/pln-dovish-nbp-and-rate-cut-debate-ing-202602251912,neutral,null,0.5,1week,False,no_price_data,,,,,
2026-02-25,llm-sentiment-v1-haiku,llm-horizon-v1-default,SEK,https://www.fxstreet.com/news/sweden-soft-services-inflation-keep-riksbank-cautious-nordea-202602251632,bearish,medium,0.8,1week,False,no_price_data,,,,,
2026-02-25,keyword-sentiment-v1.1-standard,llm-horizon-v1-default,SEK,https://www.fxstreet.com/news/pln-dovish-nbp-and-rate-cut-debate-ing-202602251912,bearish,medium,0.9,1week,False,no_price_data,,,,,
2026-02-25,keyword-sentiment-v1.1-standard,llm-horizon-v1-default,SEK,https://www.fxstreet.com/news/sweden-soft-services-inflation-keep-riksbank-cautious-nordea-202602251632,bearish,small,0.9,1week,False,no_price_data,,,,,
2026-02-25,llm-sentiment-v1-haiku,llm-horizon-v1-default,SEK,https://www.fxstreet.com/news/pln-dovish-nbp-and-rate-cut-debate-ing-202602251912,neutral,null,0.5,1week,False,no_price_data,,,,,
2026-02-25,llm-sentiment-v1-haiku,llm-horizon-v1-default,SEK,https://www.fxstreet.com/news/sweden-soft-services-inflation-keep-riksbank-cautious-nordea-202602251632,bearish,medium,0.8,1week,False,no_price_data,,,,,
2026-02-24,keyword-sentiment-v1.1-standard,llm-horizon-v1-default,MXN,https://finance.yahoo.com/news/chipotle-mexican-grill-stock-analyst-124210963.html,neutral,unclear,0.1,1day,False,no_price_data,,,,,
2026-02-24,keyword-sentiment-v1.1-standard,llm-horizon-v1-default,MXN,https://finance.yahoo.com/news/chipotle-mexican-grill-stock-analyst-124210963.html,neutral,,0.3,1day,False,no_price_data,,,,,
2026-02-24,llm-sentiment-v1-haiku,llm-horizon-v1-default,MXN,https://finance.yahoo.com/news/chipotle-mexican-grill-stock-analyst-124210963.html,neutral,null,0.2,1day,False,no_price_data,,,,,
2026-02-24,keyword-sentiment-v1.1-standard,llm-horizon-v1-default,EUR,https://investinglive.com/news/investinglive-european-fx-news-wrap-jpy-down-as-takaichi-opposes-further-boj-rate-hikes-20260224/,neutral,unclear,0.3,1week,False,no_price_data,,,,,
2026-02-24,keyword-sentiment-v1.1-standard,llm-horizon-v1-default,EUR,https://investinglive.com/news/what-are-the-main-events-for-today-20260224/,bearish,low,1.0,1day,False,no_price_data,,,,,
2026-02-24,keyword-sentiment-v1.1-standard,llm-horizon-v1-default,EUR,https://investinglive.com/news/investinglive-americas-fx-news-wrap-23-feb-usd-is-mixed-as-markets-react-to-tariff-news-20260223/,neutral,unclear,0.5,1week,False,no_price_data,,,,,
2026-02-24,keyword-sentiment-v1.1-standard,llm-horizon-v1-default,EUR,https://investinglive.com/news/european-parliament-postpones-vote-on-eu-us-trade-deal-report-20260223/,neutral,unclear,0.1,2week,False,no_price_data,,,,,
2026-02-24,keyword-sentiment-v1.1-standard,llm-horizon-v1-default,EUR,https://www.fxstreet.com/news/eur-usd-supreme-court-tariff-ruling-and-fed-speaker-lineup-drive-midweek-volatility-202602241600,neutral,unclear,0.1,1week,False,no_price_data,,,,,
2026-02-24,keyword-sentiment-v1.1-standard,llm-horizon-v1-default,EUR,https://www.fxstreet.com/news/european-gas-weather-relief-but-new-risks-commerzbank-202602241506,bearish,unclear,1.0,2week,False,no_price_data,,,,,
2026-02-24,keyword-sentiment-v1.1-standard,llm-horizon-v1-default,EUR,https://investinglive.com/news/investinglive-european-fx-news-wrap-jpy-down-as-takaichi-opposes-further-boj-rate-hikes-20260224/,bearish,small,0.75,1week,False,no_price_data,,,,,
2026-02-24,keyword-sentiment-v1.1-standard,llm-horizon-v1-default,EUR,https://investinglive.com/news/what-are-the-main-events-for-today-20260224/,bearish,small,0.9,1day,False,no_price_data,,,,,
2026-02-24,keyword-sentiment-v1.1-standard,llm-horizon-v1-default,EUR,https://investinglive.com/news/investinglive-americas-fx-news-wrap-23-feb-usd-is-mixed-as-markets-react-to-tariff-news-20260223/,bearish,small,0.75,1week,False,no_price_data,,,,,
2026-02-24,keyword-sentiment-v1.1-standard,llm-horizon-v1-default,EUR,https://investinglive.com/news/european-parliament-postpones-vote-on-eu-us-trade-deal-report-20260223/,neutral,,0.3,2week,False,no_price_data,,,,,
2026-02-24,keyword-sentiment-v1.1-standard,llm-horizon-v1-default,EUR,https://www.fxstreet.com/news/eur-usd-supreme-court-tariff-ruling-and-fed-speaker-lineup-drive-midweek-volatility-202602241600,neutral,,0.3,1week,False,no_price_data,,,,,
2026-02-24,keyword-sentiment-v1.1-standard,llm-horizon-v1-default,EUR,https://www.fxstreet.com/news/european-gas-weather-relief-but-new-risks-commerzbank-202602241506,bearish,small,0.9,2week,False,no_price_data,,,,,
2026-02-24,keyword-sentiment-v1.1-standard,,EUR,https://www.globenewswire.com/news-release/2026/02/23/3243014/0/en/Galapagos-Reports-Full-Year-2025-Financial-Results-and-Provides-Fourth-Quarter-Business-Update.html,neutral,,0.3,unclear,False,no_price_data,,,,,
2026-02-24,llm-sentiment-v1-haiku,llm-horizon-v1-default,EUR,https://investinglive.com/news/investinglive-european-fx-news-wrap-jpy-down-as-takaichi-opposes-further-boj-rate-hikes-20260224/,neutral,small,0.7,1week,False,no_price_data,,,,,
2026-02-24,llm-sentiment-v1-haiku,llm-horizon-v1-default,EUR,https://investinglive.com/news/what-are-the-main-events-for-today-20260224/,neutral,small,0.7,1day,False,no_price_data,,,,,
2026-02-24,llm-sentiment-v1-haiku,llm-horizon-v1-default,EUR,https://investinglive.com/news/investinglive-americas-fx-news-wrap-23-feb-usd-is-mixed-as-markets-react-to-tariff-news-20260223/,neutral,small,0.7,1week,False,no_price_data,,,,,
2026-02-24,llm-sentiment-v1-haiku,llm-horizon-v1-default,EUR,https://investinglive.com/news/european-parliament-postpones-vote-on-eu-us-trade-deal-report-20260223/,bearish,medium,0.8,2week,False,no_price_data,,,,,
2026-02-24,llm-sentiment-v1-haiku,llm-horizon-v1-default,EUR,https://www.fxstreet.com/news/eur-usd-supreme-court-tariff-ruling-and-fed-speaker-lineup-drive-midweek-volatility-202602241600,bullish,small,0.7,1week,False,no_price_data,,,,,
2026-02-24,llm-sentiment-v1-haiku,llm-horizon-v1-default,EUR,https://www.fxstreet.com/news/european-gas-weather-relief-but-new-risks-commerzbank-202602241506,bullish,small,0.7,2week,False,no_price_data,,,,,
2026-02-24,llm-sentiment-v1-haiku,,EUR,https://www.globenewswire.com/news-release/2026/02/23/3243014/0/en/Galapagos-Reports-Full-Year-2025-Financial-Results-and-Provides-Fourth-Quarter-Business-Update.html,neutral,null,0.5,unclear,False,no_price_data,,,,,
2026-02-25,keyword-sentiment-v1.1-standard,llm-horizon-v1-default,EUR,https://investinglive.com/news/investinglive-european-fx-news-wrap-jpy-extends-losses-rba-bullock-signals-patience-20260225/,bearish,medium,0.9,1week,False,no_price_data,,,,,
2026-02-25,keyword-sentiment-v1.1-standard,llm-horizon-v1-default,EUR,https://investinglive.com/news/eurozone-january-final-cpi-17-vs-17-yy-prelim-20260225/,bearish,small,0.5,1week,False,no_price_data,,,,,
2026-02-25,keyword-sentiment-v1.1-standard,llm-horizon-v1-default,EUR,https://investinglive.com/news/germany-q4-final-gdp-03-vs-03-qq-prelim-20260225/,neutral,,0.3,1week,False,no_price_data,,,,,
2026-02-25,keyword-sentiment-v1.1-standard,llm-horizon-v1-default,EUR,https://investinglive.com/news/what-are-the-main-events-for-today-20260225/,neutral,,0.3,1day,False,no_price_data,,,,,
2026-02-25,keyword-sentiment-v1.1-standard,llm-horizon-v1-default,EUR,https://www.fxstreet.com/news/eur-usd-recovers-as-greenback-fails-to-sustain-upside-momentum-202602251617,bullish,small,0.9,1day,False,no_price_data,,,,,
2026-02-25,keyword-sentiment-v1.1-standard,llm-horizon-v1-default,EUR,https://www.fxstreet.com/news/eurozone-household-lending-faces-modest-tightening-bnp-paribas-202602251506,bullish,small,0.9,1month,False,no_price_data,,,,,
2026-02-25,keyword-sentiment-v1.1-standard,llm-horizon-v1-default,EUR,https://www.fxstreet.com/news/eur-gbp-slips-as-softer-eurozone-inflation-weighs-on-the-euro-202602251430,bearish,medium,0.9,3day,False,no_price_data,,,,,
2026-02-25,keyword-sentiment-v1.1-standard,llm-horizon-v1-default,EUR,https://www.fxstreet.com/news/eu-us-trade-deal-waiting-for-tariff-clarity-standard-chartered-202602251309,neutral,,0.3,2week,False,no_price_data,,,,,
2026-02-25,keyword-sentiment-v1.1-standard,llm-horizon-v1-default,EUR,https://www.fxstreet.com/news/eurozone-softer-inflation-underpins-euro-rates-outlook-bny-202602251241,bearish,small,0.75,1week,False,no_price_data,,,,,
2026-02-25,llm-sentiment-v1-haiku,llm-horizon-v1-default,EUR,https://investinglive.com/news/investinglive-european-fx-news-wrap-jpy-extends-losses-rba-bullock-signals-patience-20260225/,neutral,small,0.7,1week,False,no_price_data,,,,,
2026-02-25,llm-sentiment-v1-haiku,llm-horizon-v1-default,EUR,https://investinglive.com/news/eurozone-january-final-cpi-17-vs-17-yy-prelim-20260225/,neutral,small,0.8,1week,False,no_price_data,,,,,
2026-02-25,llm-sentiment-v1-haiku,llm-horizon-v1-default,EUR,https://investinglive.com/news/germany-q4-final-gdp-03-vs-03-qq-prelim-20260225/,bullish,medium,0.8,1week,False,no_price_data,,,,,
2026-02-25,llm-sentiment-v1-haiku,llm-horizon-v1-default,EUR,https://investinglive.com/news/what-are-the-main-events-for-today-20260225/,neutral,small,0.8,1day,False,no_price_data,,,,,
2026-02-25,llm-sentiment-v1-haiku,llm-horizon-v1-default,EUR,https://www.fxstreet.com/news/eur-usd-recovers-as-greenback-fails-to-sustain-upside-momentum-202602251617,bullish,medium,0.8,1day,False,no_price_data,,,,,
2026-02-25,llm-sentiment-v1-haiku,llm-horizon-v1-default,EUR,https://www.fxstreet.com/news/eurozone-household-lending-faces-modest-tightening-bnp-paribas-202602251506,bearish,medium,0.7,1month,False,no_price_data,,,,,
2026-02-25,llm-sentiment-v1-haiku,llm-horizon-v1-default,EUR,https://www.fxstreet.com/news/eur-gbp-slips-as-softer-eurozone-inflation-weighs-on-the-euro-202602251430,bearish,medium,0.8,3day,False,no_price_data,,,,,
2026-02-25,llm-sentiment-v1-haiku,llm-horizon-v1-default,EUR,https://www.fxstreet.com/news/eu-us-trade-deal-waiting-for-tariff-clarity-standard-chartered-202602251309,bearish,medium,0.7,2week,False,no_price_data,,,,,
2026-02-25,llm-sentiment-v1-haiku,llm-horizon-v1-default,EUR,https://www.fxstreet.com/news/eurozone-softer-inflation-underpins-euro-rates-outlook-bny-202602251241,bearish,medium,0.8,1week,False,no_price_data,,,,,
2026-02-25,keyword-sentiment-v1.1-standard,llm-horizon-v1-default,EUR,https://investinglive.com/news/investinglive-european-fx-news-wrap-jpy-extends-losses-rba-bullock-signals-patience-20260225/,bearish,medium,0.9,1week,False,no_price_data,,,,,
2026-02-25,keyword-sentiment-v1.1-standard,llm-horizon-v1-default,EUR,https://investinglive.com/news/eurozone-january-final-cpi-17-vs-17-yy-prelim-20260225/,bearish,small,0.5,1week,False,no_price_data,,,,,
2026-02-25,keyword-sentiment-v1.1-standard,llm-horizon-v1-default,EUR,https://investinglive.com/news/germany-q4-final-gdp-03-vs-03-qq-prelim-20260225/,neutral,,0.3,1week,False,no_price_data,,,,,
2026-02-25,keyword-sentiment-v1.1-standard,llm-horizon-v1-default,EUR,https://investinglive.com/news/what-are-the-main-events-for-today-20260225/,neutral,,0.3,1day,False,no_price_data,,,,,
2026-02-25,keyword-sentiment-v1.1-standard,llm-horizon-v1-default,EUR,https://www.fxstreet.com/news/eur-usd-recovers-as-greenback-fails-to-sustain-upside-momentum-202602251617,bullish,small,0.9,1day,False,no_price_data,,,,,
2026-02-25,keyword-sentiment-v1.1-standard,llm-horizon-v1-default,EUR,https://www.fxstreet.com/news/eurozone-household-lending-faces-modest-tightening-bnp-paribas-202602251506,bullish,small,0.9,1month,False,no_price_data,,,,,
2026-02-25,keyword-sentiment-v1.1-standard,llm-horizon-v1-default,EUR,https://www.fxstreet.com/news/eur-gbp-slips-as-softer-eurozone-inflation-weighs-on-the-euro-202602251430,bearish,medium,0.9,3day,False,no_price_data,,,,,
2026-02-25,keyword-sentiment-v1.1-standard,llm-horizon-v1-default,EUR,https://www.fxstreet.com/news/eu-us-trade-deal-waiting-for-tariff-clarity-standard-chartered-202602251309,neutral,,0.3,2week,False,no_price_data,,,,,
2026-02-25,keyword-sentiment-v1.1-standard,llm-horizon-v1-default,EUR,https://www.fxstreet.com/news/eurozone-softer-inflation-underpins-euro-rates-outlook-bny-202602251241,bearish,small,0.75,1week,False,no_price_data,,,,,
2026-02-25,llm-sentiment-v1-haiku,llm-horizon-v1-default,EUR,https://investinglive.com/news/investinglive-european-fx-news-wrap-jpy-extends-losses-rba-bullock-signals-patience-20260225/,neutral,small,0.7,1week,False,no_price_data,,,,,
2026-02-25,llm-sentiment-v1-haiku,llm-horizon-v1-default,EUR,https://investinglive.com/news/eurozone-january-final-cpi-17-vs-17-yy-prelim-20260225/,neutral,small,0.8,1week,False,no_price_data,,,,,
2026-02-25,llm-sentiment-v1-haiku,llm-horizon-v1-default,EUR,https://investinglive.com/news/germany-q4-final-gdp-03-vs-03-qq-prelim-20260225/,bullish,medium,0.8,1week,False,no_price_data,,,,,
2026-02-25,llm-sentiment-v1-haiku,llm-horizon-v1-default,EUR,https://investinglive.com/news/what-are-the-main-events-for-today-20260225/,neutral,small,0.8,1day,False,no_price_data,,,,,
2026-02-25,llm-sentiment-v1-haiku,llm-horizon-v1-default,EUR,https://www.fxstreet.com/news/eur-usd-recovers-as-greenback-fails-to-sustain-upside-momentum-202602251617,bullish,medium,0.8,1day,False,no_price_data,,,,,
2026-02-25,llm-sentiment-v1-haiku,llm-horizon-v1-default,EUR,https://www.fxstreet.com/news/eurozone-household-lending-faces-modest-tightening-bnp-paribas-202602251506,bearish,medium,0.7,1month,False,no_price_data,,,,,
2026-02-25,llm-sentiment-v1-haiku,llm-horizon-v1-default,EUR,https://www.fxstreet.com/news/eur-gbp-slips-as-softer-eurozone-inflation-weighs-on-the-euro-202602251430,bearish,medium,0.8,3day,False,no_price_data,,,,,
2026-02-25,llm-sentiment-v1-haiku,llm-horizon-v1-default,EUR,https://www.fxstreet.com/news/eu-us-trade-deal-waiting-for-tariff-clarity-standard-chartered-202602251309,bearish,medium,0.7,2week,False,no_price_data,,,,,
2026-02-25,llm-sentiment-v1-haiku,llm-horizon-v1-default,EUR,https://www.fxstreet.com/news/eurozone-softer-inflation-underpins-euro-rates-outlook-bny-202602251241,bearish,medium,0.8,1week,False,no_price_data,,,,,
2026-02-24,keyword-sentiment-v1.1-standard,llm-horizon-v1-default,AUD,https://investinglive.com/news/australia-january-cpi-preview-core-inflation-steady-electricity-lifts-headline-20260223/,neutral,unclear,0.71,1week,False,no_price_data,,,,,
2026-02-24,keyword-sentiment-v1.1-standard,llm-horizon-v1-default,AUD,https://www.fxstreet.com/news/australia-cpi-set-to-show-persistent-inflation-reinforcing-hawkish-rate-outlook-202602242000,neutral,unclear,0.4,1week,False,no_price_data,,,,,
2026-02-24,keyword-sentiment-v1.1-standard,llm-horizon-v1-default,AUD,https://investinglive.com/news/economic-event-calendar-in-asia-wednesday-february-25-2026-australian-inflation-data-20260224/,neutral,,0.3,3day,False,no_price_data,,,,,
2026-02-24,keyword-sentiment-v1.1-standard,llm-horizon-v1-default,AUD,https://investinglive.com/news/australia-january-cpi-preview-core-inflation-steady-electricity-lifts-headline-20260223/,neutral,,0.3,1week,False,no_price_data,,,,,
2026-02-24,keyword-sentiment-v1.1-standard,llm-horizon-v1-default,AUD,https://www.fxstreet.com/news/australia-cpi-set-to-show-persistent-inflation-reinforcing-hawkish-rate-outlook-202602242000,bullish,small,0.75,1week,False,no_price_data,,,,,
2026-02-24,keyword-sentiment-v1.1-standard,,AUD,https://timesofindia.indiatimes.com/city/patna/alumni-recall-rich-legacy-of-dmc-on-foundation-day/articleshow/128725328.cms,neutral,,0.3,unclear,False,no_price_data,,,,,
2026-02-24,llm-sentiment-v1-haiku,llm-horizon-v1-default,AUD,https://investinglive.com/news/economic-event-calendar-in-asia-wednesday-february-25-2026-australian-inflation-data-20260224/,neutral,small,0.7,3day,False,no_price_data,,,,,
2026-02-24,llm-sentiment-v1-haiku,llm-horizon-v1-default,AUD,https://investinglive.com/news/australia-january-cpi-preview-core-inflation-steady-electricity-lifts-headline-20260223/,bullish,medium,0.8,1week,False,no_price_data,,,,,
2026-02-24,llm-sentiment-v1-haiku,llm-horizon-v1-default,AUD,https://www.fxstreet.com/news/australia-cpi-set-to-show-persistent-inflation-reinforcing-hawkish-rate-outlook-202602242000,bullish,medium,0.8,1week,False,no_price_data,,,,,
2026-02-24,llm-sentiment-v1-haiku,,AUD,https://timesofindia.indiatimes.com/city/patna/alumni-recall-rich-legacy-of-dmc-on-foundation-day/articleshow/128725328.cms,neutral,null,0.2,unclear,False,no_price_data,,,,,
2026-02-25,keyword-sentiment-v1.1-standard,llm-horizon-v1-default,AUD,https://investinglive.com/news/economic-and-event-calendar-in-asia-thursday-february-26-2026-20260225/,neutral,,0.3,1week,False,no_price_data,,,,,
2026-02-25,keyword-sentiment-v1.1-standard,llm-horizon-v1-default,AUD,https://www.fxstreet.com/news/aud-sticky-cpi-backs-further-rba-hike-td-securities-202602251323,bearish,small,0.75,1week,False,no_price_data,,,,,
2026-02-25,keyword-sentiment-v1.1-standard,llm-horizon-v1-default,AUD,https://www.marketwatch.com/story/urban-outfitters-once-struggling-namesake-stores-are-now-driving-its-sales-gains-a841972d?mod=mw_rss_topstories,bullish,small,0.9,1week,False,no_price_data,,,,,
2026-02-25,keyword-sentiment-v1.1-standard,,AUD,https://whatjapanthinks.com/alza-bitmarea-review/,neutral,,0.3,unclear,False,no_price_data,,,,,
2026-02-25,keyword-sentiment-v1.1-standard,,AUD,https://www.globenewswire.com/news-release/2026/02/24/3244064/0/en/Globus-Medical-Reports-Fourth-Quarter-and-Full-Year-2025-Results.html,neutral,,0.3,unclear,False,no_price_data,,,,,
2026-02-25,llm-sentiment-v1-haiku,llm-horizon-v1-default,AUD,https://investinglive.com/news/economic-and-event-calendar-in-asia-thursday-february-26-2026-20260225/,neutral,small,0.6,1week,False,no_price_data,,,,,
2026-02-25,llm-sentiment-v1-haiku,llm-horizon-v1-default,AUD,https://www.fxstreet.com/news/aud-sticky-cpi-backs-further-rba-hike-td-securities-202602251323,bullish,medium,0.8,1week,False,no_price_data,,,,,
2026-02-25,llm-sentiment-v1-haiku,llm-horizon-v1-default,AUD,https://www.marketwatch.com/story/urban-outfitters-once-struggling-namesake-stores-are-now-driving-its-sales-gains-a841972d?mod=mw_rss_topstories,neutral,null,0.3,1week,False,no_price_data,,,,,
2026-02-25,llm-sentiment-v1-haiku,,AUD,https://whatjapanthinks.com/alza-bitmarea-review/,neutral,null,0.3,unclear,False,no_price_data,,,,,
2026-02-25,llm-sentiment-v1-haiku,,AUD,https://www.globenewswire.com/news-release/2026/02/24/3244064/0/en/Globus-Medical-Reports-Fourth-Quarter-and-Full-Year-2025-Results.html,neutral,null,0.7,unclear,False,no_price_data,,,,,
2026-02-25,keyword-sentiment-v1.1-standard,llm-horizon-v1-default,AUD,https://investinglive.com/news/economic-and-event-calendar-in-asia-thursday-february-26-2026-20260225/,neutral,,0.3,1week,False,no_price_data,,,,,
2026-02-25,keyword-sentiment-v1.1-standard,llm-horizon-v1-default,AUD,https://www.fxstreet.com/news/aud-sticky-cpi-backs-further-rba-hike-td-securities-202602251323,bearish,small,0.75,1week,False,no_price_data,,,,,
2026-02-25,keyword-sentiment-v1.1-standard,llm-horizon-v1-default,AUD,https://www.marketwatch.com/story/urban-outfitters-once-struggling-namesake-stores-are-now-driving-its-sales-gains-a841972d?mod=mw_rss_topstories,bullish,small,0.9,1week,False,no_price_data,,,,,
2026-02-25,keyword-sentiment-v1.1-standard,,AUD,https://whatjapanthinks.com/alza-bitmarea-review/,neutral,,0.3,unclear,False,no_price_data,,,,,
2026-02-25,keyword-sentiment-v1.1-standard,,AUD,https://www.globenewswire.com/news-release/2026/02/24/3244064/0/en/Globus-Medical-Reports-Fourth-Quarter-and-Full-Year-2025-Results.html,neutral,,0.3,unclear,False,no_price_data,,,,,
2026-02-25,llm-sentiment-v1-haiku,llm-horizon-v1-default,AUD,https://investinglive.com/news/economic-and-event-calendar-in-asia-thursday-february-26-2026-20260225/,neutral,small,0.7,1week,False,no_price_data,,,,,
2026-02-25,llm-sentiment-v1-haiku,llm-horizon-v1-default,AUD,https://www.fxstreet.com/news/aud-sticky-cpi-backs-further-rba-hike-td-securities-202602251323,bullish,medium,0.8,1week,False,no_price_data,,,,,
2026-02-25,llm-sentiment-v1-haiku,llm-horizon-v1-default,AUD,https://www.marketwatch.com/story/urban-outfitters-once-struggling-namesake-stores-are-now-driving-its-sales-gains-a841972d?mod=mw_rss_topstories,neutral,null,0.3,1week,False,no_price_data,,,,,
2026-02-25,llm-sentiment-v1-haiku,,AUD,https://whatjapanthinks.com/alza-bitmarea-review/,neutral,null,0.3,unclear,False,no_price_data,,,,,
2026-02-25,llm-sentiment-v1-haiku,,AUD,https://www.globenewswire.com/news-release/2026/02/24/3244064/0/en/Globus-Medical-Reports-Fourth-Quarter-and-Full-Year-2025-Results.html,neutral,null,0.7,unclear,False,no_price_data,,,,,
